powder|eggs|all-flour|raisins|milk|sugar
links|bulb|fronds|oil|peppers|onions
juice|orange|zinfandel
pasta|sauce|basil|fingers|cheese|salt|cheese
salt|powder|sugar|eggs|margarine|flour
cream|liqueur|bananas|juice|syrup|cream|liqueur
molasses|sauce|beans|Mustard|onions|bacon
water|turmeric|salt|long-rice|butter
cheese|figs|pepper|leaves|prosciutto|extra-oil
sauce|dinner|cheese
salt|chile|tomatillos|avocado|garlic|onion|leaves
leche|seeds|water|colouring|wafer
rice|stock|oil|onions|sauce|peas
pepper|chile|eggplant|salt|oil|garlic|vinegar
yeast|oil|water|salt|all-flour|sugar|spray
salsa|seasoning|breasts
oil|wrappers|Velveeta
garlic|cheese|mayonaise
starch|cornflour|eggs|coconut|sugar|butter|powder
shallots|tomatoes|garlic|leaves|CrockSpread|cheese|breadcrumbs
seasoning|oil|flour|fat-buttermilk|steaks|milk|salt
butter|all-flour|milk|pepper|onion|nutmeg|salt
extra-oil|water|leaves|salt|polenta
sauce|pepper|garlic|halves|powder|juice|butter
sauce|sugar|seeds|mushrooms|pepper
cheesesoften|sauce|pepper|bluefish|juice
sauce|powder|onions|ginger|oil|tenderloin
onions|corn|avocado|cheese|peppers
leaves|PillsburyRolls|sauce|beef|cheese
tomatoes|onion|salt|basil|carrots|ribs|extra-oil
beef|cheese|gallo|jack|tortillas
sugar|cocktail|flour|onions|meat|carrots|potatoes
liqueur|vodka|liqueur|juice
blend|oil|tortillas|beans|chicken
shallots|onions|shrimp|parsley|peppercorns|wine|leaf
peppers|seed|coconut|yogurt|seeds|oil
salt|ice|concentrate|lime|cointreau|tequila
sugar|champagne|beans|water|pears|lemon
raisins|eggs|citron|sugar|tea|flour
salt|chicken|parsley|low-yogurt|potatoes
ice|syrup|whiskey|mint
pepper|bread|spaghetti|garlic|oil
water|mint|extra-oil|salt|artichokes|lemon|garlic
sauce|oysters
salt|pepper|onions|butter|cabbage|beef
pasta|bacon|spinach|broth|onions|cheese
sauce|beef|shells|sugar|seasoning|sausage|cheese
garlic|ginger|oil|salt|onions|wine|shrimp
water|rice
pepper|cauliflower|onion|breasts|water|mix
water|scallions|carcass|rice|ginger
sauce|olives|cheese|twistsdrained
sake|mirin|sugar|sauce
rice|leaves|mint|sauce|beansprouts|noodles|shrimp
paste|ginger|shrimp|broth|lime|peas
potatoes|salt|seasoning
leaves|pepper|salt|water|chicken|oil|cilantro
sugar|milk|powder|butter
mayonaise|corn|cheese|powder|wedges
leaves|pinenuts|rouget|verts|extra-oil|apricot
meal|powder|sugar|salt|butter|buttermilk|eggs
oil|rigatoni|Links|pepper|garlic|sauce|parsley
rub|dressing|onion|potato|parsley|slices
salt|potatoes|cream|watercress|parsley|leaves|juice
sauce|paste|juice|milk|sugar|broth|purée
spices|butt|nutmeg|wine|pepper|cinnamon|salt
halves|mix|russian|marmalade
powder|salt|milk|chocolate|powder
butter|all-flour|sugar|buttermilk|powder|soda|salt
granules|onions|pepper|long-rice|water|butter|cheese
sauce|gomashio|cloves|oil|oil|ginger|pepper
salt|water|leaves|cornmeal
salt|pepper|cheese|pasta|milk
syrup|wine|melon|gelatin|water|sugar|zest
pepper|onions|juice|salt|mint
tortillas|spices|yoghurt|oil|onions|pepper|breasts
butter|salt|cassava|sugar|milk|eggs|cream
extra-oil|juice|cheese|romaine
grease|water|grits|eggs|cheese|milk
sugar|raspberries|nectar|extract|peaches|water
sec|tequila|strawberries|bananas|juice|ice
potatoes|pepper|salt|eggs|oil|basil|sausages
tequila|salt|wedges|bitters|ice|juice|syrup
vinegar|mayonnaise|threads|extra-oil|water|salt|cloves
bacon|oil|eggs|all-flour|chives|salt|milk
water|all-flour|spray|extra-oil|sugar|salt|yeast
oil|water|violets|sugar|flour|orange
salt|quinoa|water|oil|powder
cheese|oil|cheese|1low-milk|eggs|flour|dusting
hens|spray|chutney|powder|juice
water|salsa|whites|jack|cream|wrappers
garlic|ginger|peppercorns|salt|scallions|cilantro
brandy|beer|lemonade
water|tequila|whiskey|soda|slices|liqueur|concentrate
salt|yeast|sugar|water|margarine|powder|flour
tomatoes|cloves|pepper|extra-oil|salt|sourdough
oil|thigh|tomatoes|basil|beans|herbs|cloves
greens|olives|carrots|onions|cheese
oil|bread|mozzarella|peppers|basil
juice|liqueur
oil|ginger|sauce|salt|scallions|vinegar
raisins|almonds|cardamom|milk|bread|oil
juice|juice|snapper|juice|paste
yolks|chocolate|vanilla|milk|sugar|cream
vegetables|eggs|salt|whites|pepper|crumbles
cheese|flakes|pasta|sauce
milk|sugar|all-flour|salt|water|yeast
cheese|bread|cheese|salsa|cream
cheese|pears|juice|dressing|pecans|leaves
chipotle|pesto|cheese|tortillas
eggs|parsley|leeks|cheese|orecchiette|slices
all-flour|oil|water|lard|salt
pasta|oil|rabe|flakes
piece|onions|oil|chilies|cumin|dal|ghee
oil|salt|yeast|flour
butter|pepper|all-flour|salt|crabs
cream|milk|cheese|potatoes|butter|salt
buttermilk|salt|milk|cream
onions|sugar|garlic|sauce|pork|pepper|salt
lime|fresh|onion|pepper|mango|avocado|salt
corn|water|cloves|slices|onions|scallions
chocolate|pepper|cream|cream|cinnamon|strawberries
powder|flour|cheese|beer|sauce
cheese|orzo|butter|florets|salt|cheese|2reduced-milk
sugar|sprigs|teas|mint|whiskey|ice|lemon
tomatoes|salt|black-peas|pepper|onions|ham|powder
salt|fat|seeds|butter|pepper|onion|potatoes
lemon|oregano|pepper|all-flour|salt|oil|squid
cachaca|sugar|cubes|lime
onions|capers|cloves|mayonaise|parsley|mustard|pepper
pepper|all-flour|paprika|oil|chicken|salt
butter|Boursin|garlic|potatoes|cream|salt
salt|tortillas|blend|cumin|powder|spray|breasts
sausage|Goldtomatoes|juice|onions|rice|cheese|pepper
low-yogurt
gelatin|grappa|water|cranberries|leaves|cranberries|sugar
Wine|juice|broth|butter|veal|flour
corn|sugar|sticks|husks|milk
shells|butter|onions|peanuts|salt|garlic
oil|seasoning|garlic|wheat|cheese|salt
beans|sauce|rice|cilantro|jack|cheese|corndrain
peaches|all-flour|bread|butter|juice|sugar|cream
peaches|preserves|garlic|sauce|hellmannmayonnais|onions|shrimp
sauce|shoots|tomatoes|shrimp
beef|tortillas|BELLSalsa|PHILADELPHIA|Mix|beans
ciabatta|persimmons|prosciutto|cheese
mushrooms|cloves|water|butter
oil|oil|arugula|cheese|juice|radicchio|nuts
lime|pepper|breasts|cilantro|salt|oil|cumin
pinenuts|cheese|oil|leaves|salt|garlic|pepper
water|tofu|mushrooms|miso|nori|onions
flakes|pepper|sauce|sugar|salt|vinegar|roast
russet|butter
salt|fillets
tortillas|onions|tomatoes|oil|garlic|mix|beef
lime|oil|salt|cilantro|thighs|pepper|paste
sugar|cream|potatoes|cornmeal|eggs|spice|butter
flour|cornmeal|eggs|salt|powder|milk|oil
sauce|cheese|butter|mustard|beer
peppers|oil|shallots|salt|rice|scallions
eggs|cheese|tortillas|butter|salsa|pepper|salt
onions|sauce|seeds|sugar|oil|sauce|rib
tomatoes|scallions|sugar|butter|bulb|seeds|cream
cheese|nutmeg|broth|zucchini|cream
oats|mango|leaves|juice|salt|Soymilk
sauce|garlic|flakes|butter|juice
doughs|cheese|parsley|oil|cloves|salt
pasta|cream|cheese|wine|mushrooms
dough|butter|sugar|all-flour|apples|cinnamon|salt
water|all-flour|oil|rosemary|yeast|salt|spray
dough|preserves|jam
butter|pecans|sugar|sugar|extract|milk
sugar|fruit|water|gelatin|juice
pepper|crumbles|dough|spinach|cloves|eggs|mint
sugar|sugar|milk|mango|rice|salt|water
tequila|ice|wedges|nectar|salt|juice
butter|sugar|dough|extract|almonds|cinnamon|cheese
asparagus|oil|hens|pepper|juice|marjoram|salt
chunks|chicken|soup|paste|mushrooms|sprigs|oil
all-flour|eggs|sugar|cornmeal|buttermilk
cheese|pepper|paprika|baguette|cloves|butter
eggs|all-flour|milk|salt
oil|paste|cloves|tomatoes|basil|oregano
milk|oil|eggs|flour|salt|crabs
low-cheese|cheese|peas|tomatoes|ham|pasta
beans|tomatoes|leaves|garlic|onion|juice
persimmons|pepper|salt|bresaola|leaves|vinegar
sauce|chicken|tortillas|beans|colby|corn
pepper|jack|strips|sauce|Tortillas|Pasobeans|mix
sugar|vinegar|salt|onion|carrots|cabbage|chilies
shoulder|noodles|vegetables|sauces|water|balm|shallots
chile|sauce|cucumber|steaks|onion|lime|sugar
mustard|cheese|bread|figs|arugula|prosciutto|jam
oil|flakes|cloves|olives|pepe|butter
seeds|oil|all-flour|sauce|seaweed|salt|water
spinach|flakes|mirin|sauce|dashi|salt
tortillas|shrimp|asadero
tomatoes|garlic|linguine|pepper|oil
onions|cloves|water|salt|pepper|ginger|cabbage
wine|vinegar|pernod|ice|shallots|oysters|pepper
oil|biscuits|pepper|salt|parsley|cheese
peaches|salt|vinegar|sugar|pepper|oil
vanilla|yolks|milk|sugar
hazelnuts|liqueur|butter|bars|chocolate|cream
beans|bags|anise|cream|sugar|milk
juice|cream|milk|mango
peppers|cheese|eggs|cheese|salami|doughs
pecans|vanilla|butter|sugar|salt|cookies|cream
oil|sausage|tortillas|cheese
pepper|butter|ham|bread|cheese|eggs|sel
artichokes|butter|cloves|extra-oil|fillets
salt|leaves|scallions|broth|oil|eggs
cinnamon|sugar|milk|espresso
sake|seeds|sugar|mirin|sugar|miso|fillets
pig|orange|salt|leaves|garlic|lime|oregano
olives|rosemary|sheets|basil|cheese
garlic|salt|chiles|juice|oil
broth|juice|extra-oil|lemon|onions|rice|reggiano
milk|topping|Wafers|bananas|pudding|whip
vinegar|pepper|salt|pepper|sugar|onion
cubes|teas|water|sugar|half
pepper|salt|sugar|baguette|tenderloin|salt|onion
sugar|fillets|paste|sake|mirin
Marnier|coffee|sticks|milk
BertolliSauce|juice|fillets|peas|BertolliOil|onion|spaghettidrain
cookies|sugar|strawberries|cream|sugar|blueberries
sugar|water|cherries|water|starch|juice
sun-tomatoes|avocado|cheese|eggs|sausage|tortillas
sake|legs|sauce|sugar|pepper
olives|onion|cream|extra-oil|marin|loaf
sauc|cheese|chilies|muffins|onions|beans|powder
oil|leaves|pinenuts|garlic|yeast|pepper|salt
poha|rice|salt|dal|millet|seeds
cheese|pinenuts|leaves|oil|cheese|cloves
Velveeta|Ro-Chilies
oil|tumeric|seeds|coriander|juice|cauliflower|gingerroot
turbinado|starch|milk|beans|cherries|extract|extract
beans|shells|beans|cheese|cheese|cream|tomatoes
seeds|oil|sauce|oil|bean
butter|powder|milk|sprinkles|salt
milk|sugar|gelatin|powder|fruit|cake
potatoes|sugar|butter|extract|whiskey
sauce|ginger|oil|juice|honey|tofu|flour
sugar|cream|yolks|beans|milk
salt|water|spray|sugar|flour|powder|milk
cheese|sauc|crumbs|cheese|gnocchi|walnuts|leaves
persimmons|pods|yoghurt|ice|milk|Yogurt|syrup
coriander|salt|avocado|powder|lime|tomatoes|onion
tortillas|vegetables|thighs|cheese|broth|sauce
milk|sugar|water|lime
flour|salt|ghee
sauerkraut|sausages|broth|potato|juice|thyme|onions
water|salt|butter|grits
broth|ham|cheese|halves|bacon|pepper|salt
mix|tomatoes|beans|jack|tortillas
masala|tumeric|seeds|potatoes|oil|peas
sauce|cloves|onions|flakes|oil|seeds|eggplants
oil|salt|broth|orzo|cheese|mushrooms|garlic
salt|pepper|sausages|milk|all-flour
beef|broth|pepperoncini|dressing
coriander|pepper|pepper|onion|beef|cinnamon|oil
rice|stock|black-peas|onions|water|sausage|pepper
flour|sugar|margarine|water|salt|yeast
chilies|salt|leaves|tomatoes|garlic|juice|cucumber
chiles|salsa|chicken|cheese|yogurt|tortillas|cream
cheese|beef|powder|chilies|cumin|eggs|salt
soda|bacon|powder|cornmeal|buttermilk|eggs|salt
rosemary|spray|salt|yeast|water|all-flour|oil
bananas|salt|pearls|sugar|extract|peanuts|milk
guacamole|jack|beans|cream|salsa|tortillas|cumin
garlic|paste|carrots|onion|veal|celery
milk|pepper|grits|broth|salt|cheese
salt|water|flour|flour|yeast
oil|sprouts|garlic|seeds|salt|onions|cucumber
mayonaise|celery|mustard|pepper|chicken|salt|juice
ham|rice|oil|sauce|eggs|garlic
powder|paprika|cumin|salt|sugar|peppers
sugar|water|orange|water|cubes
salt|extra-oil|potatoes|eggs|onion
sugar|cream|nuts|sugar|chocolate|extract|yolks
oil|pepper|spinach|salt|tomatoes|kernels
spices|pepper|salt|onions|beans|milk|breasts
yolks|sugar|juice|gelatin|cream|tangerine
substitute|oil|onion|corn|self-cornmeal|low-buttermilk
threads|chicken|garlic|oil|sauce|leaves|cilantro
cloves|cinnamon|sugar|sugar|purée|coconut|butter
sugar|yeast|teas|tea|water
beer|beer
almonds|escarole|salt|pepper|caciotta|sunchokes|vinaigrette
sherry|ketchup|five-powder|sugar|vinegar|sauce
steak|powder|mix|oil|powder|tortillas|cinnamon
fresh|mushrooms|garlic|hellmannmayonnais|cheese|crabmeatdrain
mix|pineapple|oranges|topping|pudding|walnuts
sauce|fillets|scallions|sake|mirin|sugar|seeds
Sriracha|sauce|octopus|celery|onions|tomatoes|lemon
salt|cheese|all-flour|eggs|potatoes|sauce|leaves
water|pecans|nutmeg|filling|biscuits
pepper|pepper|tomatoes|vinegar|oil|beans|salt
beans|whole|tortillas|cheese|chicken|sauce
milk|sugar
garlicchop|onions|Hellmann''Mayonnaise|sauce|ginger|breasts|crumbs
flour|salt|oil|milk|eggs|queso
spray|polenta|asiago|spinach|eggs|sauce
raspberries|cream|sugar|sugar|yolks
breasts|juice|chiles|cloves|tortillas|onions
powder|paprika|butter|vinegar|mayonaise|sugar
mustard|pepper|chicken|salt|thyme|butter
butter|parsley|bread|cheese|garlic|dolce
flour|ghee|salt|yogurt|oil
butter|flour|apples|sugar|buttermilk|cinnamon
salt|peanuts
peppers|cloves|extra-oil|rabe|salt
milk|ghee|cardamom|raisins|nuts|sugar|carrots
water|polenta|salt
butter|sugar|all-flour|powder|whites
extra-oil|flakes|chard|garlic
yogurt|oregano|cucumber|salt|powder|crumbles|powder
pimentos|cheese|pepper|salt|mayonnaise|cheese|cheese
lime|mango|avocado|salt|pepper|onion|fresh
extra-oil|bread|seasoning|powder
syrup|butter|pecans|soda|salt|sugar|vanilla
peaches|salt|eggs|butter|all-flour|sugar|amaretti
salt|powder|onions|all-flour|butter|low-milk
peppers|cilantro|cheese|peppers|salt|onion|meat
peas|butter|fish|soda|salt|chips
oil|date|couscous|water|zest|greens|salt
cheese|garlic|onion|cream|paprika|baguette|chilies
flakes|cloves|pepper|oil|spaghetti|salt
cheese|paste
water|mango|sugar|coconut|whole-yogurt|cardamom|saffron
garlic|spaghetti|onions|sauce|mushrooms|tomatoes|seasoning
cheese|cheese|butter
sauce|drumsticks|pepper|water|garlic|sugar|vinegar
halves|all-flour|oil
paprika|spray|pieces|pepper|breadcrumbs|buttermilk|salt
basil|cheese|pepper|salt|oil|spinach|cloves
mushrooms|beets|noir|butter|salt|shallots
coffee|1low-milk|sugar
halves|tortillas|cheese|sauce
cakes|sugar|oil
butter|sugar|salt|eggs|milk|yeast|flour
butter|almonds|beans|pepper|salt
cinnamon|apples|dough|sugar|extract|honey
biscuits|buttermilk|powder|all-flour|soda|salt|butter
pepper|salt|butter|truffles|eggs
tortillas|cilantro|nopales|cheese|seasoning
buttermilk|soda|grease|eggs|salt|powder|cornmeal
extra-oil|juice|salt|potatoes|oregano
salt|water|starch|soda|shrimp|chiles|oil
sugar|mango|berries|lime|cachaca|pineapple
lemon|sugar|extract|water
ice|lime|cachaca|sugar
breadcrumbs|breasts|sauce|milk
chicken|lettuce|dressing|tomatoes|kalamata|beans|crumbles
carrots|pea|spaghetti|broccoli|sauce|celery
breasts|cheese|pesto|tomatoes
flour|lard|buttermilk|ham
oil|onions|butter|chard|cloves
cinnamon|butter|whites|salt|sugar|cream|flour
ginger|masala|hens|salt|garlic|low-yogurt
oil|soda|powder|all-flour|salt|pepper|pickles
flour|seed|flour|water|ghee|salt
water|powder|bags|peaches
milk|all-flour|salt|eggs
butter|scallions|water|all-flour|stilton|bacon|eggs
chives|shrimp
sake|water|apples|wedges
mayonaise|paste|ginger|paste
peaches|sugar|all-flour|butter|powder|milk
mint|naan|yogurt|rub|rice|fillets
broth|onions|breasts|soup|parsley|biscuits|butter
sugar|salt|yolks|water|butter|all-flour
broth|rice|cilantro|cheese|chilies|cream|corn
salt|zest|ravioli|shallots|peas|pepper|butter
flour|sugar|powder|milk|butter|peaches|salt
cinnamon|espresso|1low-milk
pepper|mayonaise|sun-tomatoes|cloves
eggs|all-flour|extract|butter|cheesesoften|sugar|salt
water|broth|corn|eggs|starch
limeade|juice|tequila|wedges|ice
extra-oil|pesto|broccoli|salt|cheese|spaghetti
lime|rum|cachaca|sugar|ice|juice
milk|all-flour|soup|butter|cheese|sauce
mustard|honey|onions|garlic|sauce
raspberries|sugar|juice|champagne|water
Marnier|ice|cointreau|cucumber|reposado|slices|juice
biscuits|milk
butter|cheese|cauliflower|salt|cream|pepper|pepperoni
eggs|pastry|cheese|leaves|sun-oil
salsa|cheese|tortillas
cream|sugar|extract|brandy|blackberries
broth|adobo|gluten|breasts|tomatoes
cheese|squash|butter|pepper|parsley|salt
sugar|bread|milk
powder|salt|butter|water|all-flour
cucumber|salt|vinegar|sugar
pepper|extra-oil|cheese|penne|arugula
cilantro|blend|chicken|avocado|oil|tortillas
butter|tasso|grits|water|salt
sauce|peas|pepper|cheese|ricotta|salt|oven-noodles
tortillas|beef|rice|powder|sauce|cheese
raspberries|cream|sugar|sugar|flowers|meringue|pistachios
onion|fillets|scallions|pepper|salt|soup
cream|butter|pepper|salt|cheese
clove|honey|vodka|water|cinnamon|concentrate
milk|eggs|all-flour|chives|cheese|fat|salt
horseradish|zest|cream|salt|mayonaise|juice
grapes|sugar|pectin
pepper|salt|chives|oil|cheese|curry
all-flour|cinnamon|preserves|cheese|butter|sugar
sausages|onions|potato|oil|peppers
vanilla|sugar|morsels|sugar|cream|yolks
eggs|ravioli|crumbs|sauce|cheese|milk|oil
water|starch|pepper|mushrooms|chops|beef|salt
water|salt|flour|yeast|honey|flour
salt|shrimp|leaf|oil|parsley|peppers|garlic
oats|jelly|butter|flour|sugar|strawberries
sugar|cream|yolks|hazelnuts|milk
sugar|almonds|cream|raspberries|marnier
sourdough|garlic|extra-oil|salt
mayonaise|cucumber|salt|onion|cheesesoften|basil|pepper
tomatoes|water|turkey|sauce|rice|garlic|onions
chiles|cheese|sauce|salsa|tortillas|chicken
juice|juice|juice|juice|mint
mayonaise|onion|baguette|cheese|marin
milk|granules|extract|bars|extract|cinnamon|cream
carrots|sauce|breasts|scallions|leaves|broccoli|leaves
sugar|thick-bacon|salt|peanuts
lime|salt|wedges|onions|oil
salt|cream|pepper|mascarpone|grits|milk
onions|juice|vinegar|sauce|oil|cloves
doughs|oil|taleggio|mushrooms
peaches|eggs|salt|milk|sugar|milk
wedges|salt|liqueur|tequila|nectar|juice
rotini|sauce|crumbs|chicken|cheese
potatoes|spray
honey|salt|cream|brandy|extract|chocolate
powder|all-flour|butter|buttermilk|chilies|salt|butter
sauce|arugula|crust|sun-tomatoes|cheese
sugar|pepper|sauce|mayonaise|salt|vinegar|juice
water|juice|tequila|lime|cointreau|salt
tomatoes|garlic|oil|onions|sugar|salt|bean
butter|pasta|parsley|cream|cheese
teas|tea|sweetener
marmalade|garlic|halves|orange|onion
roast|onions|allspice|cloves|parsley
mix|cookies|bananas|pudding|sauce|milk|whip
yolks|juice|stock|rice|parsley|pepper|salt
roast|rolls|pepper|garlic|sauce|bouillon|mix
fillets|salt|powder|oil|bread|pepper
corn|butter|salt|powder|cilantro|juice|lime
spray|biscuits|butter
bouillon|kalamata|cheese|hearts|peppersdrain|pasta
harissa|couscous|lemon|steaks|mint|stock|cumin
pepper|rosemary|onions|paprika|chicken|salt
butter|potatoes|onion|pepper|cabbage|salt
sheets|sugar
squash|pepper|salt|seasoning|spray
garlic|sauce|all-flour|pepper|salt|extra-oil|sirloin
salt|sugar|juice|eggs|crumbs|hazelnuts|cream
Can'It'ButterSpread|sugar|syrup|bread|extract
whisky|vermouth|vermouth|cubes
butter|flour|oil|potatoes|salt
d|olives|tortillas|cheese|salsa
fillets|salt|pepper|dressing|oil
spinach|mushrooms|tofu
tortillas|cumin|avocado|cilantro|fresco|hummus
tortillas|cheese|sauce|meat|chilies|beef
ham|cheese|chives|nuts|tarragon
lemon|wine|mango|whites|sugar|cream
salt|tomatillos|fresh|onion|cumin|tomatoes|juice
mustard|honey|juice|garlic|vinegar|oil|fresh
salsa|beans|cheese|cream|tortillas
slices|ham|salad|salami|bread
flour|bacon|salt|garlic
vodka|beans|beans|orange|sugar|wine
tomatoes|salt|bread|extra-oil|cloves|pepper
mayonaise|Velveeta|pimentos
oil|flakes|vinegar|salt|onions|greens|bacon
cinnamon|milk|sugar|sticks|medium-rice
crust|sauce|oil|seasoning|cheese|pepperoni|cheese
water|sauce|sugar|oil|eggs
flour|sugar|oil|salt|water|yeast
whiskey|sugar|juice|ice|leaves|soda
yogurt|juice|milk|cubes|mango
parsley|date|sel|gras
eggs|sugar|extract|milk
butter|dressing|breast|tomatoes|cheese|vinegar
vidalia|cheese|cheese|mayonaise
tomatoes|noodles|eggs|garlic|bacon|onions|cheese
mayonaise|juice|chilies|milk|avocado|salt
water|mushrooms|kelp
wine|onions|extra-oil|potatoes|eggs|salt
mustard|parsley|mayonnaise
wine|garlic|flour|broth|oil|onion|sauce
salt|flour|powder|starch|water|shortening
butter|sugar|juice|tomatoes|salt
sauce|pepper|cheese|mushroom|oil|turkei
zucchini|kimchi|onions|oil|wine|eggs|salt
turbinado|salt|beans|eggs|water|whiskey
eggs|dumplings|cakes|nori|onions|beef|broth
butter|mushrooms|tenderloin|sherry|parsley|sheets|onion
paste|cloves|vinegar|leaves|extra-oil
flour|shortening|milk
oil|linguine|pinenuts|arugula|cheese
butter|whole|pepper|pepper|tomatoes|chops|onions
slices|okra|rice|onion
cream|chocolate|syrup
oil|sauce|shrimp|leaves|garlic|paste|onions
verbena|peaches|cava|sugar
chiles|juice|mint|tomatillos|onion
rum|powder|sugar|fingers|cream|mascarpone|espresso
yolks|milk|powder|sugar|water
endive|oil|vinegar|walnuts|mustard
butter|rice|carrots|eggs|peas|sauce|onions
leaves|garlic|tomatoes|vinegar|salt|pasta|extra-oil
all-flour|whites|sugar|butter|extract
cheese|salt|chorizo|potatoes
half|cheese|butter
sugar|all-flour|powder|butter|water|syrup
powder|water|salt|flour
soda|buttermilk|flour|all-flour|butter|salt|powder
pineapple|seltzer|cachaca|sugar|leaves|ice
slices|sugar|pepper
pepper|salt|potatoes|squash|onions|tomatoes|butter
salt|water|oil|onions|beansprouts|oil|kimchi
chicken|cabbage|sauce|cilantro|basil|lime|pepper
basil|vinegar|oil|pepper|salt|cloves
quail|pepper|salt|water|all-flour|oil
flakes|kelp|water|water
water|sprouts|fillets|konbu|flakes|pepper|sel
cinnamon|all-flour|buttermilk|chicken|shortening|pepper|salt
breast|sauce|linguine|cheese|seasoning|half
scallions|butter|cabbage|potatoes|eggs
leaves|baguette|pepper|oil|cloves|cheese
mint|leaves|water|sugar|juice
thyme|onions|cheese|butter|brandy|livers
oil|cumin|salt|powder|steak|tomatoes|onions
tomatoes|salt|oil|seasoning|cornmeal
sugar|nuts|almonds|water|cardamom
milk|butter|sprinkles|chocolate
oil|fresh|Paso'salsa|Beans|salt|thigh|corn
soup|mix|mushrooms|water|halves|rice|cheese
water|peppercorns|sticks|seeds|bags|sugar
eggs|buttermilk|oil|self-cornmeal
seasoning|meat|cheese
seasoning|okra|butter
cardamom|yogurt|mango|milk
juice|fresh|flakes|salt|oil|cabbage
onions|breasts|beans|Cheese|tomatoes|tortillas|Cheese
butter|chocolate|cookies|pecans|cream|whiskey|extract
sugar|pineapple|water|cubes
powder|cheese|beef|tortillas|sauc|corndrain
eggs|extract|all-flour|powder|sugar|margarine
vinegar|gingerroot|sugar|mirin|sauce|beer|chops
tequila|slices|juice|concentrate|water|liqueur
milk|beans|starch|sugar|lemon|yolks|sticks
potatoes|oregano|Cuisine|lemon|garlic
paste|sugar|SpringWater
chorizo|extra-oil|potatoes|onions|eggs|pepper|salt
low-yogurt|juice|salt|pepper|seeds|cucumber
cheese|cheese|margarine|cheese|powder|spaghetti
broth|oil|pepper|eggs|peas|onions
cheese|sauce|part-cheese|eggs|ziti|part-cheese
onions|rosemary|wine|vinegar|pepper|steak|butter
sugar|onions|steaks|oil|vinegar
juice|tomatoes|onions|crumbles|oil
cardamom|cheese|jaggery|flour
water|eggs|oil|Jell-Gelatin|mix|extract
onions|spinach|mushrooms|noodles|eggs|paste
oil|onions|water|salt|garlic|vinegar|squid
sugar|vinegar|rice|water|salt|kelp
sugar|teas|yolks|milk|salt|rum
cheese|paste|cilantro|sauce|bow-pasta|oil|halves
Liqueur|juice|syrup|liqueur
cheese|salt|butter|bread|eggs|pepper|bacon
vinegar|pepper|extra-oil|salt|mozzarella|tomatoes|leaves
water|tofu|flakes|miso|shiitake|konbu|tops
honey|walnuts|sugar|cinnamon|extract|date|cheese
water|salt|flour|eggs|butter|milk
beans|salt|spices|oil
mexican|sauce|chile
salt|water|sugar|coconut|flour|seeds
mix|butter|powder|oil|potatoes|milk|wrappers
water|all-flour|steak|oil|onions|slices
salsa|cheese|halves|cream|mix
salt|cream|juice|avocado|fresh
eggs|extract|powder|sugar|milk|all-flour|butter
basil|cloves|pinenuts|salt|cheese|pepper|extra-oil
butter|powder|salt|cream|chips|milk
butter|grappa|cream|cheese|cheese|salt
chips|soup|water|cheese|seasoning|milk|beef
sugar|salt|ginger|five-powder|pepper
half|cocoa|tequila
rice|seeds|salt|salmon|nori
milk|carrots|sugar
sugar|raisins|bread|water|yeast
halves|cheese|sauce|spray
chilies|oregano|cilantro|basil|coconut|Aminos
zest|chickpeas|extra-oil|salt|paprika|pepper
avocado|cheese|kernels|beans|salsa|dough|leaves
all-flour|half|salt|butter|cream|powder
sauce|pepper|salt|chilies|tequila|sauce
thigh|vinegar|sugar|paste|Sriracha|sauce|ginger
pepper|greens|salt|water|butter
cabbage|broccoli|pepper|potatoes|salt|butter
cubes|sugar|lime|cachaca
water|leaves|sugar|LiptonBags|peaches
wings|mustard|horseradish|sauce|jam|sauce
pepper|tomatoes|olives|avocado|lemon|chile|salt
whites|cream|extract|milk|sugar
milk|sauce|pepper|cheese|eggs|mustard
seasoning|tomatoes|sausage|broth|long-rice
butter|onions|tomatoes|water|cloves|juice
extra-beef|water|chilies|mix|spaghetti|reduced-cream
cheese|spray|caps|sauce|pepper|salt
tostadas|pepper|spray|zucchini|mushrooms
potatoes|salt|oil|butter|flour
salt|vinegar|pieces|leaves|peppercorns|sauce|cloves
yeast|oil|salt|water|flour
salt|tomatoes|celery|pasta|pepper|garlic|lamb
ginger|sauce|garlic|wings|wine|water|scallions
mozzarella|meatballs|rolls|sauce
rosemary|salt|pepper|orecchiette|cheese|chicken
cheese|powder|chutney|baguette|nuts
oil|onions|seed|chilies|rice|tumeric|seeds
olives|sauce|cheese|tortillas
oil|quarters|garlic|ginger|pepper|salt
gochugaru|garlic|eggplants|onions|seeds|sauce|oil
chips|cream|sugar|half|paste|seeds|yolks
tomatoes|sage|jalape|beans|oil|garlic
buttermilk|powder|Flour|soda|salt|butter
sugar|tequila|pineapple|juice
water|salt|pepper|milk|cheese|macaroni
eggplant|tomatoes|oregano|vinegar|oil|crumbles
doughs|arugula|oil|juice|pepper|cheese|ham
oil|kalamata|leaves|olives|potatoes|leaves|chickens
pepper|oil|cumin|ginger|nuts|masala
tomatoes|fresh|chile|cumin|juice
pepper|carrots|cabbage|salt|salt|vinegar|cream
drumsticks|provence|preserves|oil|cloves|salt|apricots
crab|cheese|wrappers|sugar
milk|all-flour|eggs
dashi|sauce|mirin
cotija|oil|garlic|beans|tortillas
sugar|espresso|vanilla
marzipan|powder
oil|oregano|clams|cheese|garlic|flakes|pepper
sugar|juice|yolks|peel|milk|whites|starch
tomatoes|spaghetti|sausage|extra-oil|salt|pepper|onion
potatoes|onions|broth|beef
arugula|water|beans|Wish-BoneDressing|sun-oil
salami|sauce|rotini|cheese|cheese|seasoning
merguez|jam|greens|chickpeas
cheese|bread|basil|bean|extra-oil|beans|cloves
salt|oil|squid|pepper|all-flour|buttermilk|oregano
sugar|pineapple|lime|watermelon|water|juice
water|sugar|butter|almonds|chips
water|bushi|kelp
oil|garlic|vinegar|leaves|chicken|sauce|pepper
nutmeg|whiskey|milk|Liqueur|eggs
paste|eggs|all-flour|butter|sugar
gluten|water|oil|mix|onions
almonds|sugar|cream
paprika|pepper|all-flour|calamari|salt|oil|oregano
pectin|peaches|water|sugar|lemon|orange
pinenuts|all-flour|pepper|basil|butter|cheese|cloves
oil|sauce|edamame|salt|garlic
butter|halves|wine|oregano|verbena|vinegar|juice
butter|milk|drumsticks|cumin|paste|ginger|sauce
cheese|eggs|meal|breasts|pesto|crumbles
water|sugar|tapioca|salt|coconut|cream
sauce|oil|loin|sugar|base|sake|cloves
oregano|eggplant|tomatoes|oil|crumbles|vinegar
cheese|paste
spray|liquid|eggs|cheese|oil|basil|chilies
eggs|all-flour|pepper|oil|milk|chops|salt
salt|water|CrockSpread|cornmeal|blanco
potatoes|sugar|gingerroot|starch|water
salt|water|butter|all-flour|shortening
milk|all-flour|salt|butter|caviar|salmon|fraîche
tartar|starch|powder|eggs|sugar|butter
pepper|salt|onion|oil|sausage|eggs|potatoes
tomatoes|rice|broth|cumin|powder
raspberries|water|sprigs|sorbet
water|bags|soda|sugar
sauce|pepper|all-flour|salt|butter|cheese
pepper|avocado|chilies|salt|cheese
tomatoes|cheese|breasts|Vinaigrette|basil
sheets|pecans|sugar|cream|water|juice|apples
water|peppercorns|sugar|leaves|vinegar|salt|onion
edamame|tofu|juice|salt|pepper|cloves
juice|cilantro|breast|cumin|oil|garlic|powder
cheese|eggs|grits|milk|salt|butter
sugar|salt|pies|butter|pecans|whip|pudding
rice|butter|cheese|onions|sauce|garlic|Goldtomatoes
cheese|juice|beef|mix|tortillas|salsa
seeds|sauce|oil|florets|oil
noodles|cheese|spinach|sauce|halves|pepper|cheese
dill|onion|butter|salmon|cream|potato
soup|avocado|chile|water|broth|juice
empanada|eggs|extra-oil|tomatoes|pork|powder|onion
extra-oil|baguette|cloves|fillets|tomatoes
fillet|cayenne|juice|butter|parsley|pecans|all-flour
Pasomix|chips|Pasochiles|onions|jack|Beans|plums
leeks|parsley|butter|mussels|cream|wine
oil|oil|ginger|salt|chicken|onions|garlic
cheese|butter|spray|sauce|mozzarella|crumbs|breasts
sauce|fingers|broccoli|pepper
onion|ham|cream|spinach|eggs|butter|garlic
cloves|chile|sauce|onion|fresh|tomatoes|juice
salt|rice
halves|butter|chips|salt
sugar|water|water|nuts
sugar|cream|butter|peel|powder|ginger|all-flour
tomatoes|oil|paprika|thyme|salt|flour
potatoes|garlic|shallots|pulp|chillies
lime|sugar|ice|liquor|water
butter|halves|wine|leaves|olives|oil|juice
rabe|salt|cloves|oil|pepper|pepper
onion|carrots|tomatoes|extra-oil|salt|cloves|thyme
eggplants|cloves|salata|leaves|oil|tomatoes|ziti
cinnamon|allspice|sauce|oil|salt|scallions
butter|pepper|salt|bread|tomatoes|pieces|onions
capers|pepper|leaves|extra-oil|leaves|olives
ginger|mirin|cloves|sake|base|oil|butt
juice|watermelon|popsicle|yogurt|sugar
currants|sugar|water|currant
salmon|nori|salt|water|rice|vinegar
teas|sugar|mint|plums|water
pepper|spears|butter|salt|oil|garlic
sauce|beef|wrappers|cheese|mix|salsa
sugar|mustard|hard-egg|pepper|mayonaise|chives
pastry|sugar|mincemeat
doughs|cheese|parsley|cheese|butter|garlic
coconut|cubes|water|sugar
sugar|all-flour|extra-oil|yeast|rosemary|salt
marin|juice|cloves|zucchini|tomatoes|basil|fillets
oil|thyme|flakes|fillets|paprika|guacamole|pepper
tortillas|salsa|sausage|oil|chiles|lime|salt
sherry|peppercorns|cream|oil|chops|salt
sugar|milk|oil|sauce|paste|sauce|butter
sugar|vinegar|garlic|water|starch|chiles|salt
sugar|extract|flour|oil|lard|salt
salt|spray|oil|thyme|dough|pepper|bulb
eggs|all-flour|water|shortening|sugar|vinegar|salt
cilantro|tomatillos|salt|breasts|garlic|cream|chile
broth|polenta|cream|gorgonzola
sugar|sherry
cabbage|shoulder|oil|salt|water|starch
mustard|oil|pasta|parsley
pistachios|milk|saffron|sugar|cardamom|almonds
cloves|yogurt|mint|chops|juice|oil
marjoram|parsley|cheese|almonds|broth|cilantro
sauce|cheesesoften|butter|cheese|cheese|noodles
oil|dal|millet|salt
salt|pastry|sugar|pie|all-flour|butter|blackberries
garlic|parsley|sun-tomatoes|pasta|fillets|oil|olives
avocado|seeds|cucumber|rice|nori|meat
sauce|cheese|noodles|sausag|cheese|eggs|cheese
eggs|pepper|fresh|cauliflower|salt|lime
cantaloupe|mozzarella|tortillas|ham
amaretto|low-milk|chocolate|salt|boiler|sugar|yogurt
Spice|peppers|oil|tumeric|salt|potatoes
pepper|roast|seasoning|garlic|onions|ribs|grease
bacon|cheese|cheese|chilies
cheese|broth|cheese|rice|butter|onion|parsley
tumeric|chicken|garlic|ginger|salt
sugar|schnapps|peaches|champagne
meal|cheese|cheese|cheese|broth|parsley
water|oil|salt|flour
scallions|sauce|garlic|pork|chile|oil
sauce|oil|onions|five-powder|ginger|sherry|oil
salt|peppers|cumin|sugar|onion|garlic
sugar|salt|water|flour|oil
sugar|syrup|bars|pecans|butter|water|sugar
juice|leaves|onion|tomatoes|cloves|jalapenos|salt
lime|ice|sugar|cachaca|sugar
chile|juice|scallions|tomatoes|cilantro|sauce|salt
sugar|whites|flour
sugar|all-flour|shortening|yolks|cornmeal|salt
juice|coconut|juice|bananas|salt|butter|sugar
oil|broth|honey|juice|thigh|sauce|mustard
sauce|sake|mirin|miso|sugar|thighs
salmon|puree|zest|oil|cloves|seasoning|lemon
salt|soda|oil|curds|flour|soda
pepper|chorizo|oil|salt|tortillas|jack|ramps
sauce|scallions|oil|ginger|seeds|sugar|garlic
flour|eggs|yogurt|soda
butter|water|sugar|all-flour|salt
salt|leaf|clove|lemon|seeds|peppercorns|sticks
spinach|oil|seeds|salt|cloves|sauce|onions
yeast|milk|cheese|all-flour|eggs|butter
garlic|mustard|steak|Beer|salt
juice|tomatoes|avocado|onion
beans|eggs|salsa
breasts|sauce|sausage|peas|extra-oil|shrimp|pasta
eggs|soft-flour|salt
garlic|water|onions|pepper|salt|bean|thick-bacon
tofu|miso|dashi|water|wakame|onions
tomatoes|salt|pesto|zucchini|pepper|pinenuts|extra-oil
cream|beans|sugar|fraîche
cheese|dough|stick|sauc|pepper|pepperoni
breasts|soup|chilies|cheese|tortillas|cream
milk|salt|herbs|drippings|all-flour|eggs|pepper
mozzarella|basil|garlic|extra-oil|baguette|tomatoes
eggs|salt|sugar|chocolate|flour|butter|extract
olives|milk|beef|cheese|salsa|beans
juice|zest|water|sugar|starch
eggs|butter|all-flour|yolks|salt|sugar|extract
water|flour|semolina
ginger|mango|cardamom|pistachios|sugar|yogurt
chile|garlic|cheese|mayonaise|cumin|hearts
pepper|salt|scallions|vinegar|sugar|oil
cheese|onions|corndrain|macaroni|beef|tomatoes
rice
salt|mango|milk|starch|rice|sugar
sauce|oil|oil|rice|eggs|peas
buttermilk|flour|seeds|salt|raisins|soda|double-powder
mustard|juice|dressing|vegetables|mayonaise|pickles
tenders|rice|pepper|paste|milk
yeast|margarine|salt|oil|sugar|water|all-flour
drippings|eggs|all-flour|salt|milk|pepper
sauce|beef|blend|Beans|Sauce|biscuits
peanuts|salt
cream|milk|crackers|ataulfo
broth|tomatoes|powder|salt|rice
cheese|vinegar|radicchio|extra-oil
sugar|cookies|lemon|cinnamon|almond
fillets|olives|tomatoes|olives|hearts
rice|tomatoes|hamburger|cheese|seasoning|water
polenta|broth|cheese
short-rice|salt|seeds|salmon|nori
thigh|seasoning|leaves|tomatoes|pepper|sauce|salt
drippings|eggs|flour|milk|salt
vinegar|chilies|parsley|eggplant|garlic|oil|olives
oil|sardines|vinegar|all-flour|garlic|wine|mint
oil|cumin|chili|fresh|pepper|cabbage|juice
juice|butter|peel|sugar|cream|fraîche|pears
water|masa
water|lemonade|slices|sugar|blackberries|sprigs
sugar|coffee|water
butter|eggs|cornmeal|buttermilk|oil
sauce|lime|salt|lager
stock|long-rice|salt|ginger|scallions
butter|ricotta|cheese|salt|pepper|chevre|ziti
poppyseeds|oats|wheat|seeds|quinoa|flaxseed
extra-oil|pepper|parsley|olives
potato|cabbage|pepper|butt|water
sausage|pepper|sauce|dough|onions|cheese
cream|whiskey|tails|butter|pepper|salt
extract|milk|mango|sugar|rice|pistachios|saffron
salt|walnuts|cheese|baguette|juice|extra-oil
soup|cilantro|potatoes|chicken|onions|blend|tomatoes
sauce|ketchup|sauce|vinegar|salt|pepper|sweetener
oil|garlic|chilies|verde|onions|shoulder|tomatoes
onions|oil|cloves|tomatoes|fillets|cheese|rotini
flour|butter|chocolate|whites|sugar|yolks
shortening|extract|milk|sugar|eggs|flour
water|onions|tomatoes|salsa|rice|sauce|seasoning
chives|eggs|salt|milk|oil|flour
whites|sugar|strawberries|sherry|cream
oil|turmeric|salt|powder|powder|okra
milk|flour|starch|vanilla|sugar|butter|powder
honey|flakes|steak|lime|VayTeriyakiSauce
cheese|beans|tortillas|salsa
flour|crust|extract|sugar|cream
prosciutto|peas|zest|parmesan|mint|bow-pasta
pimentos
oil|carrots|salt|pinenuts|juice|leaves
dressing|cheese|breasts
salt|garlic|onion|chile|tomatillos
sugar|eggs|flour|milk|salt|butter|powder
salt|parsley|butter|oil|pepper|steak|garlic
sugar|salt|butter|semi-morsels|extract|powder|all-flour
beef|oregano|sauce|crumbs|garlic|mix|parsley
vinegar|oil|cloves|pimentos|onion
cabbage|salt|konbu
sugar|cakes|pepper|vinegar|sauce|seeds
oil|eggs|flour|powder|sugar|tartar|vanilla
butter|peel|scallops|parsley|juice|garlic
yolks|beans|chocolate|sugar|cream
honey|cubes|mango|milk
salt|yolks|juice|water|mustard|oil|cloves
salt|lard|all-flour|powder|water
pepper|sugar|bacon|oil|cabbage|onion|salt
sugar|water|quinces
all-flour|salt|milk|pepper|chicken
pepper|salt|zucchini
bow-pasta|meal|seasoning|oil
onions|water|chile|greens|salt
oil|kalamata|leaves|fillets|tomatoes|leaves
sauce|parsley|eggs|shells|cheese|cheese|cheese
cream|extract|salt|milk|coloring|cream|sugar
flour|milk|salt|blueberries|eggs|butter
sugar|strawberries|cream|sugar|meringue|cream
legs|leaves|vinegar|sauce|garlic
oil|scallions|garlic|pepper|beans|sauce|salt
onions|chèvre|d'Espelette|paprika|almonds|herbs
drippings|lard|eggs|salt|milk|sausages|flour
rounds|salt|seeds|pepper|butter
fruit|ice|cane|sugar|cachaca
butter|marshmallows|chips|flakes|chips|sugar
ice|coconut|cachaca|sugar
glaze|loin|pepper|pepper|salt
milk
sauce|juice|ginger|halibut|sugar
oil|mushrooms|garlic|sauce|butter|pasta
chicken|oil|water|salt
sauce|oil|sum|garlic
eggs|extract|water|sugar|milk
water|salt|water|oil|milk|flour|yeast
cheese|crumbs|jack|sauce|halves|eggs|oil
chips|cheese|cheese|greens|dressing|beef
extra-oil|salt|cloves|linguine|flakes|pepper
ricotta|extra-oil
fillets|sake|mirin|miso|sugar
cream|milk|biscuit|butter|bananas
powder|milk|all-flour|eggs|salt
pepper|cabbage|bacon|salt|cheese|beef
sauce|cauliflower|cheese|basil|eggs|oregano
wine|cola-beverage
butter|sugar|cream|beans|cheese|yolks
yeast|flour|salt|water
onions|pepper|black-peas|dressing|garlic|chilies|pimentos
eggs|peanuts|crusts|sugar|syrup|butter|salt
pepper|mustard|sauce|parsley
orzo|pepper|juice|stock|salt|eggs|starch
cucumber|radishes|salsa
milk|coconut|sugar|cassava|leaves
butter|sugar|all-flour|extract|eggs|cheese
water|sugar|soda|yeast|all-flour
mushrooms|tomatoes|beef|sausage|cheese|slices|rigatoni
olives|capers|dressing|crumbles|hearts|halves
ham|mustard|sugar|leaves|drink|clove|whiskey
balls|tomatoes|leaves|pepper|salt|oil
juice|fillets|shallots|salsa|oil
oil|all-flour|milk|eggs|water|salt
sheets|Sriracha|shrimp|mayonaise|cucumber|leaves
cranberries|water|zest|sugar|sticks|juice
flour|butter|syrup|salt|sugar
juice|liqueur|fillets|cloves|onion|oil|provence
salt|oregano|lime|pepper|juice|cloves|concentrate
enokitake|water|sauce|tofu|bonito|miso|miso
leaves|eggs|chorizo|chorizo|oil
water|seeds|oil|salt|shallots|rice
sugar|soft-flour|butter|powder|shortening|buttermilk
cubes|cachaca|lime|sugar
butter|flour|biscuits|buttermilk|potatoes
oil|seasoning|salt|buttermilk|meal|catfish
breasts|sauce|low-cheese|salt|pepper
vinaigrette|chops|powder|lettuce|chips|pepper|onions
salt|pepper|bucatini|extra-oil|cloves
onion|tomatoes|salt|cloves|chile|oil
zest|sugar|cream|basil|cheese
sugar|all-flour|extract|eggs|butter|meal|salt
salt|tortillas|masa|oil
cheese|polenta|broth|butter|water|leaf|leeks
sardines|konbu|mirin|shiitake|sauce|flakes
eggs|sugar|butter|coconut|all-flour|sesame|almonds
olives|onions|sauce|oil|jack|tortillas
eggs|cheese|sauce|cheese|cheese|beef|noodlesdrained
sauce|basil|paste|oil|chiles|squid|juice
sugar|syrup|soda|salt|peanuts|extract|butter
coconut|extract|yolks|milk
crumbs|jack|eggs|oil|cheese|sauce|fillets
noodles|spinach|sauce|cheese|cheese|cheese
nutmeg|cloves|coriander|pepper|cumin|cinnamon|cardamon
sugar|cubes|milk|water|lemon
sausages|cubes|onions|potatoes|carrots|bacon
cheese|cheese|cheese|onions|chilies|mayonaise|bacon
powder|roast|salsa|tomatoes|water|onions
oil|juice|garlic|sauce|halves|honey
salt|sugar|all-flour|butter|water
oil|pork|cheese|powder|pepper|breadcrumbs
water|mango|coconut|rice|sugar
avocado|salt|powder|powder|juice|salsa
sauce|garlic|honey|sake
cheese|cloves|extra-oil|seeds|leaves
almonds|sugar|ghee|flour|cardamom|flakes
oil|sauce|seasoning|cumin|sauce|oregano|fingers
salt|sugar|vinegar|chili|garlic
mustard|all-flour|milk|sausages|eggs|lard|salt
pasta|sauce|cheese|pesto|salt
oil|pepper|cheese|arugula|eggplant|mint|ricotta
sugar|all-flour|butter|vanilla|whites|zest
eggs|oven-noodles|pesto|part-cheese|sauce|cheese|sausage
jelly|ketchup|butter|honey|vinegar
fresh|onion|avocado|chile|tomatillos
low-cream|coffee|granules|cinnamon|topping
butter
mix|pie|jam|pastry
juice|sugar|water
ahi|potato|paprika|oil|sauce
sugar|oil|biscuits
powder|sugar|flour|butter|potatoes|salt
pepper|grits|salt|rosemary|water|cheese
onion|chile|juice|avocado|fresh|tomatillos
leaves|peppers|spices|vinegar|garlic|onions|salt
oil|peel|fillets|capers|parsley|garlic
mix|cheese|oil
butter|sorbet|extract|whites|mix|eggs|extract
breasts|tomatoes|corn|seasoning
sugar|yolks|salt|whites|pecans
seasoning|tomatoes|crumbles|spray|spinach|fillets
sauce|oil|herbs|sauce|ginger|scallops|cloves
vinegar|carrots|oil|chile|onions|garlic
yolks|butter|flour|milk|salt|eggs
milk|beef|breadcrumbs|salt|pepper|onions|parsley
juice|garlic|sauce|adobo|yogurt|cumin
fraîche|sugar|gooseberries|cream
vanilla|sugar|all-flour|milk|eggs|salt
salami|cheese|cheese|dough|sausages
garlic|lime|chicken|masala
sugar|mustard|extract|ham|preserves
broccoli|oil|cheese|pesto|doughs|chicken
soup|chilies|rotelle|breasts|cheese|chips
tomatoes|parsley|juice|cloves|shrimp|oil|crumbles
shrimp|cloves|lemon|salt|extra-oil
sauce|pepper|shoulder|salt
leaves|walnuts|cheese|crackers|honey|vinegar
sugar|cream|milk|fruit
ketchup|flakes|cabbage|sauce|sugar|vinegar
lemon|lime|water|milk|nectar
parsley|olives|cheesesoften|basil|cloves|oregano
eggs|salt|pepper|cauliflower
thyme|juice|water|zest|leaves|oil|couscous
relish|cornmeal|cheese|all-flour|salt|butter|cheesesoften
kalamata|chile|oil|pepitas|beans|juice|greens
sugar|powder|eggs|milk|vanilla|flour
milk|crackers|mango|cream
cloves|salt|apples|cinnamon|sugar
flour|butter|apples|sugar|eggs|dusting
salt|sugar|peanuts|cucumber|vinegar|chilies|cilantro
asafoetida|salt|pepper|oil|dal
cilantro|chilies|onions|tomatoes|chips|juice
juice|salt|cream|milk
baguette|lettuce|fillets|sauce|seasoning|tomatoes|pickles
eggs|semolina
mayonaise|parsley|pepper|mustard|cloves|onions
soda|salt|butter|powder|all-flour|milk|buttermilk
sugar|almonds|eggs|extract|butter-blend|all-flour|powder
breast|oil|salt|rosemary|vinegar|pepper|garlic
mascarpone|vermouth|Cookies|eggs|sugar
lime|sugar|water|milk
oysters|garlic|butter|cheese|bread|pepper
soda|water|syrup|sugar|butter|peanuts
pepper|salt|chops|butter|cider|shallots
juice|syrup|fruit|cachaca
sugar|tenderloin|sherry|mustard|sauce|garlic
cocktail|sugar|juice|sprigs|chilies
wine|oil|cabbage|sauce|garlic
oil|shallots|rib-roast|salt|stock|pepper|wine
salt|tumeric|shrimp|paprika|pepper
sugar|water|leaves|mint|honey
garlic|water|greens|onions|flakes
oil|all-flour|water|spray|water|salt|yeast
broth|ginger|water|starch|eggs|salt|onions
chickpeas|salt|eggs|milk
vinegar|mint
extract|almonds|sugar|cinnamon|all-flour|butter
lime|cachaca|lemonade|slices|sugar|ice|slices
butter|fettucine|cream|pepper|salt|cheese
half|sugar|butter|marshmallows|allspice|eggs|potatoes
oil|sugar|saba
coconut|tea|green|sugar
eggs|chocolate|sugar|butter|juice
honey|cloves|leaves|lime|scallions|oil|mint
tomatoes|dressing|cream
shells|flakes|onions|cheese|cream|sauce|butter
flakes|oil|salt|water|garlic|chard
miso|seeds|extra-oil|ginger|eggplants|plums
sweetener|butter|vanilla|salt|chips|yogurt
cookies|strawberries|cream|sugar|sugar
cheese|salt|butter|chives|hair|cloves
butter|nutmeg|parsnips|turnips|carrots
drippings|eggs|butter|milk|salt|flour
salt|kasha|bow-pasta|extra-oil|pepper|onions
water|whip|sugar|cream|gelatin|coco|milk
tofu|root|Sriracha|sauce|oil|scallions
all-flour|sausages|milk
cheese|asparagus|bean|extra-oil|vinegar|arugula
extra-oil|cheese|sage|prosciutto
salt|eggs|all-flour|oil|potatoes
sherry|garlic|mushrooms|wine|all-flour|water|beef
juice|lemon|peppercorns|salt
peppercorns|spaghetti|cheese
fillet|all-flour|butter|almonds|juice|sprouts|oil
jelly|mustard|horseradish|preserves|pepper
seeds|pasta|scallions|bacon|butter|cream
pepper|oil|flour|salt|milk|meal|okra
salt|cream|yolks|sugar|extract
juice|cassis|champagne|juice|water|blackberries
sugar|oil|oil|fish|sauce|scallions|ginger
juice|strawberries|sugar
rice|beef|fresh|salsa
eggs|oil|sugar|all-flour|milk|lemon|powder
extract|sugar|ice|cream|pods|coffee
sauce|choy|seeds|water|greens|oil
chiles|radishes|cream|verde|chips|fresco|cilantro
powder|onions|breasts|tortillas|salsa|beans|oil
Dressing|biscuits|bacon|chilies|chilies|cheese
juice|onions|sauce|oil|water|pepper|sirloin
epazote|onion|lard|beans|salt|water
cheese|pinenuts|dough|leaves
fillets|peppers|paste|tomatoes|radishes|water|choi
flakes|extra-oil|wine|broccoli|orange|garlic|lemon
lime|tequila|sorbet|sugar
garlic|salt|cucumber|yogurt|mint
shiitake|water|onions|juice|miso|ginger|sauce
nutmeg|oil|buttermilk|breadcrumbs|pickles|cornmeal|seasoning
eggs|oil|cheese|beans|salsa|tortillas
sugar|salt|pecan|butter|all-flour|sugar|vanilla
root|water|long-rice|onions|salt|powder|milk
cheese|leaves|pinenuts|salt|extra-oil|pepper|cloves
sugar|sugar|yolks|extract|milk
masala|seeds|oil|shrimp|mix|pepper
almonds|zest|olives|extra-oil|cheese|cloves|leaves
peppers|water|sauce|vinegar|sugar|cloves|peel
cheese|chips|Cheese|cilantro|beans|salsa
sugar|liqueur|mascarpone
vinegar|bread|extra-oil|water|onion|leaves|tomatoes
salt|tomatoes|butter|onion
bags|sugar|soda|water|tea
all-flour|butter|sugar|salt
flakes|extra-oil|cheese|water|cloves|pasta|broccoli
herbs|thyme|baguette|extra-oil|mozzarella|pepper|salt
cayenne|garlic|mayonaise|juice|mustard
sugar|extract|milk|butter|sugar|sugar
sauce|sprigs|noodles|beef|oil
cheese|sauce|cheese|bone-halves|spinach|onion
butter|parsley|cheese|cloves|bread
flour|juice|sugar|butter|cinnamon|milk|slices
cheese|sauce|crusts|pepperoni
bulb|juice|extra-oil|cabbage|parsley|capers|cloves
beans|gallo|rolls|butter|cheese
gelatin|strawberries|sec|water|sugar|tequila|yogurt
half|sugar|water|LiptonBags
collards|butter|olives|flour|onions|bacon
milk|mint|shavings|whip|yolks|sugar|cream
whites|milk|yolks|cheese|cubes|crumbs|flour
sauc|baconcrisp-crumbled|onions|BertolliOil|peas|wine|halves
sprigs|syrup|whiskey
eggs|salt|eggplant|pepper|pepper|all-flour|oil
cheese|spaghetti|tomatoes|oil|basil
honey|tomatoes|chile|mango|juice
1low-milk|cocoa|nutmeg|cinnamon|milk
cheese|cheese|seasoning|salsa|cream
basil|pepper|ravioli|spinach|sauce|asiago
yeast|sugar|salt|water|flour|salt|oil
rice|pepper|beans|tomatoes|chives|okra|seasoning
sauce|mayonaise|juice|onion|relish|flakes|sauce
sauce|onion|steak|broccoli|oil|vinegar|spices
basil|noodles|cheese|low-ricotta|cheese|sauce
peppers|onions|honey|cumin|belly|peppercorns|oil
sheets|sugar|sugars
milk|sugar|gelatin|cream|beans
greens|butter
all-flour|water|scallions|oil|salt
eggs|all-flour|butter|milk|sugar|salt
basil|juice|chives|fillets|parsley|extra-oil
rosemary|butter|pepper|thyme|almonds|salt
tortillas|eggs|cheese|potatoes|links|bacon
cheese|sauce|PillsburyRolls|slices|cheese
yeast|all-flour|oil|water|sugar
milk|milk|sugar|beans|water|starch|gelatin
oil|cloves|chilies|cilantro|lime|salt
pasta|parsley|cheese|broth|eggs
breasts|salsa|corn|beans
butter|chocolate|cream|eggs|sugar|espresso
milk|salt|powder|peaches|all-flour|sugar|butter
cheese|eggs|pastry|spinach|onion|cheese|cheese
bacon|sherry|onions|oil
flakes|macaroni|dip|chile|salsa|beef
juice|sugar|flakes|water|cloves|sauce|peel
sprigs|mango|juice|cubes|mint|juice
garlic|peppers|ketchup|pepper
salt|pepper|pepper|rolls|sausages|oil|onions
orange|lemonade|sweetener|cloves|cinnamon|powder
sugar|blackberries|zest|raspberries|blueberries|wine|juice
sugar|sugar|milk|leaves|rice
avocado|cheese|chilies|pepper|salt|sauce
tomatoes|onions|salt|chilies|fresh|avocado|juice
rice|seeds|water|sauce|flakes|tea|seaweed
oil|onions|slices|steak|water|all-flour
milk|salt|extract|eggs|sugar
seasoning|onions|tomatoes|beans|sausage|rice|celery
steaks|seasoning|pepper|juice|salt|thyme|rosemary
pepper|salt|salt|spaghetti|cheese
salt|water|flour|cumin|oil
slices|links|celery|potatoes|onions|broth
butter|powder|milk|sugar|all-flour|tartar|eggs
cheese|chips|fresh|salsa|clams|chilies
butter|eggs|all-flour|salt|milk|sugar
spinach|butter|nutmeg|steak|cloves|half
cinnamon|tortillas|sugar|oil
cloves|kalamata|tomatoes|baguette|mint|extra-oil
eggs|all-flour|oil|milk|salt
beans|cloves|oil|pepper|onions|sausage|salt
peppers|crema|cilantro|onions|juice|garlic
Bacon|Velveeta|macaroni|milk|chilies
vermouth|campari|twists|gin|juice
onions|water|peas|butter
sauce|cabbage|mayonaise
salt|pepper|loin|sugar|sprite|powder|coloring
cheese|butter|breasts|tortillas|tomatoes|cream|cheese
milk|farina|sugar|salt|yeast|coconut|flour
tortillas|cheese|spray|bacon|jalapenos|cream
campari|grapefruit|ale|syrup|sugar|grenadine|ginger
seeds|turmeric|seed|berries|seeds|seeds|seed
water|oil|eggs|cheese|flour|salt|milk
pepper|steaks|flour|milk|salt
honey|cardamom|almonds|yolks|sugar|half
tomatoes|fillets|oil|seasoning|garlic|pepper|onions
tapioca|mango|milk|cubes
rhubarb|sugar|oil
cream|coffee|chocolate|sugar|Dutch-powder|1low-milk
sugar|whiskey|cream
relish|lettuce|chunks|leaves|pepper|mayonaise|mustard
cherries|crusts|chips|almonds|sugar|cheese
mayonaise|parsley|horseradish|garlic|mustard|onions
garlic|breasts|pepper|flour|oil|cream
butter|mushrooms|parsley|wine|oil|cloves
cream|butter|rigatoni|parmigiano-cheese|pepper|salt
pork|beans|carrots|garlic|skins|pepper
cake|almonds|raspberries|jam|cream|yolks|sugar
cheese|oil|meat|wrappers|onions|ketchup|oil
avocado|mix|yogurt|eggs|cheese|cornmeal
salt|garlic|pepper|beans|pepper|onions
potatoes|pepper|salt|thyme|oil|spray
cheese|tomatoes|beef|Beans|powder|tortillas|soup
kimchi|wrappers|seeds|oil
butter|garlic|cream|cheese|parsley
noodles|dogs|sauce
olives|cheese|chile|tomatoes|corn|dressing|onions
sugar|mint|water
cheese|sauce|breast|tortillas|oil|tomatoes|onion
ribs|mix|steak|onions|pepper|pepper|water
sugar|flakes|salt|cabbage
salt|zest|tortillas|oil
tangerine|juice|sugar|soda|grapes|nectarines|chardonnay
chiles|tomatillos|oil|parsley|cilantro
salt|flour|cloves|cheese|low-cheese|butter|low-milk
pepper|rosemary|flakes|honey|chops|mustard
sambuca|sugar|cream|shavings|coffee|sugar
sugar|cream|liqueur|yolks
salt|milk|potatoes|butter|pepper|scallions
root|cloves|flakes|oil|onions|sauce|vinegar
sauce|salt|chops|pepper|paste|broth|garlic
water|all-flour|salt|spinach
dough|cherries|sugar|salt
eggs|tortillas|salsa|cheese
oil|wine|pepper|prosciutto|scallops
eggs|chile|tomatoes|cloves|beans|lard|salt
butter|cream|sugar|crumbs|cinnamon|apples|lemon
cheese|Sauce|bread|garlic|BertolliOil|leaves
paste|quinoa|milk|onions|vegetables
cheese|parsley|rosemary|cloves|doughs|oil|thyme
mushrooms|vinegar|oil
cloves|beans|onions|leaf|bacon
sugar|extract|sugar|whites|powder|tartar|chocolate
butter|sugar|nuts|milk|yolks
carrots|ghee|raisins|sugar|cardamom|milk|nuts
eggs|extract|sugar|all-flour|butter|milk|juice
sugar|chile|lemongrass|sauce|rump|sauce|sauce
yolks|zest|juice|butter|sugar
starch|eggs|flour|salt|water
butter|broth|juice|fraîche|asparagus|onions
cilantro|tortillas|sauce|pork|cheese|chilies|onions
powder|all-flour|buttermilk|butter|shortening|salt
cubes|beans|water|milk
onions|fresh|cream|fresco|breasts|verde|chips
cream|yolks|sticks|sugar|extract|lemon
water|oil|rice|ginger|lard|pork|choy
mozzarella|meal|doughs|extra-oil|sauce|leaves
hearts|pasta|extra-oil|butter|basil|garlic
sugar|butter|half|pepper|potatoes|oil|salt
rice|milk|water|sugar|chocolate
sugar|salt|juice|oil|cumin|pepper|juice
juice|salt|chile|onion|fresh|chips|tomatoes
oil|potatoes|salt|eggs|kale|onions
crawfish|butter|cheese|onions|milk|rolls|oil
sugar|mango|leaf|rice|water|milk
cheese|honey|juice|eggs|all-flour|leaves|orange
oil|garlic|cheese|olives|pecans
whites|sugar|salt|cream|raspberries
salt|cumin|fenugreek|lamb|sauce|powder|coriander
soup|cheese|cream|chile|chicken|milk|tortillas
oil|onions|potatoes|eggs|sausage|pepper|salt
oil|tortillas|salsa|olives|breasts
flour|candy|walnuts
sugar|all-flour|yeast|water|milk|salt
turnips|nutmeg|carrots|butter
sugar|coloring|milk|eggs
cream|milk|salt|juice
salt|oil|scallions|oil|sugar|all-flour
eggs|cornmeal|butter|cream|potatoes|sugar|spice
radishes|cilantro|salt|pepper|oil|lime|cabbage
sauce|garlic|juice|sugar|chile
cheese|yolks|parsley|powder|doughs|meat|oregano
baguette|cloves|salt|pepper|butter
water|garlic|sugar|chile|juice|sauce|shallots
crumbs|snapper|eggs|oil
cheese|water|pastadrain|sauc|reduc|part-cheese
cow|zucchini|chicken-powder|potatoes|onions|pepper|salt
water|salt|vinegar|clams|peppercorns|garlic|oil
juice|salt|oil|beans|halves|Powder|tortillas
sugar|water|cardamom|threads|mango
oil|sugar|eggs|salt|butter|milk|all-flour
preserves|horseradish|jelly|mustard|pepper
wine|cloves|oil|shoots|salt|sugar|oil
mirin|sauce|cloves|thighs|sugar|onions
wedges|cubes|tequila|juice|liqueur|salt
salt|water|bean
tomatoes|cream|cheese|cheese|chile|soup|macaroni
butter|shrimp|seasoning
oil|sauce|cloves|rolls|roast|whiskey|sauce
pasta|mushrooms|tofu|cheese|sauce|cheese
cheese|cream|seasoning|pasta|sausage
cheese|rice|extra-beef|pepper|sauce
chile|beans|salt|liquid|onion|slices
chives|salt|flakes|oil
pistachios|green|pistachio|milk|sugar|extract|yolks
sauce|oregano|dough|cheese
eggs|spaghetti|guanciale|cheese
pepper|onions|pepper|salt|oil|cloves|callaloo
oil|mint|onions|pepper|peas|butter
chile|milk|cheese|cumin|jalapenos|juice|water
sake|cube|water|mirin|sauce
onion|juice|chilies|salt|tomatoes|leaves
water|teas|sugar|ice|half
chips|breasts|cream|broth|cheese|salsa|cilantro
cocoa|butter|sugar|brandy|extract|chestnuts|chocolate
cheese|honey|vinegar|pepper
fruits|sugar|lime|cachaca
sauce|flakes|mirin|dashi
sugar|butter|sugar|whiskey|cream
sauce|scallions|pork|ginger|all-flour
potato|vinaigrette|kalamata|pepper|beans|water|salt
water|all-flour|butter|milk|eggs|salt
salt|extra-oil|shallots|pepper|butter|tenderloin|wine
salt|pepper|parsley|sugar|juice|bacon|orecchiette
pepper|water|hocks|onions|beans|rice
butter|bananas|sugar|pastry
whiskey|herbsaint|twists|syrup
sauce|chicken|sugar|ginger|garlic
extra-oil|salata|leaves|lemon|peas|pasta|leaves
2milk|coffee|whiskey|sugar
carrots|sauce|juice|sugar|cilantro|garlic|papaya
bacon|cheese|chilies
marshmallows|extract|whiskey|potatoes|sugar|butter
almonds|whites|almonds|sugar|potatoes
sugar|eggs|powder|powder|chocolate|brandy|half
cubes|honey|lime|cachaca
rice|salt|lentils|seeds
beans|cheese|chicken|corn|cheese|rice|salsa
tomatoes|rolls|Mix|cheese|beef|lettuce|salsa
oil|onions|vinegar|cloves|pimentos
cloves|tomatoes|sourdough|extra-oil|salt
recaito|butt|hominy
sugar|Sweetener|flour|butter|eggs|salt
crusts|sugar|milk|mix|chocolate|topping|Neufchâtel
quail|masala|salt|garlic|low-yogurt|ginger
salt|cumin|fresh|pepper|yogurt|kiwi
flour|honey|salt|water|flour|oil|yeast
extra-oil|rabe|juice|garlic|cheese|peppersdrain
cheese|oil|salt|pepper|eggs|all-flour
flour|yeast|sugar|salt|yams|water|oil
water|oil|yeast|eggs|salt|sugar|blend
drippings|eggs|salt|butter|flour|milk
garlic|cream|mustard|powder|dill|cucumber
guanciale|cheese|oil|halves|tomatoes|salt|pepper
coffee|salt|cream|yolks|milk
mesclun|oil|sugar|juice|mustard
sauce|scallions|sauce|noodles|oil
cream|potatoes|onions|butter
broth|salt|noodles|chicken|onions|teas
soup|grits|basil|butter|broth|cheese|milk
sake|ginger|sauce|mirin|garlic|thighs|sugar
sprigs|roast|pepper|lime|cream|tomatoes|tortillas
pesto|salt|pepper|oil|onion|pasta|cheese
oil|leaves|pecans|juice|cloves|salt
oil|salt|potatoes|pepper|oregano|water|lemon
flour|water|oil|sauce|chickens|pepper|salt
pepper|cloves|wine|rub|olives|oil|chicken
sugar|beans|peppercorns|whites|chocolate|cream
fillets|choy|tomatoes|paste|daikon|water|peppers
sorghum|eggnog|gingersnap|milk|whiskey
water|salt|grits|milk|butter
honey|wings|juice|powder|sauce
leaves|cloves|salt|extra-oil|cheese|walnuts
syrup|powder|oil|fillets|seasoning
butter|Flour|salt|soda|buttermilk|powder
medium-rice|salt|sugar|vinegar
ghee|cardamom|sugar|dal
sugar|eggs|sugar|all-flour
cream|water|milk|coffee
leaves|ice|teas|whiskey|lime|lemon
vinegar|linguine|tomatoes|shallots|extra-oil|cheese|arugula
sugar|salt|milk|eggs|matcha|cream
rum|syrup|juice|wedge|ice|tea
potatoes|onions|eggs|all-flour|salt|oil|cream
cheese|cauliflower|salt|extra-oil|stock|spaghetti
cream|cinnamon|cherries|powder|chocolate
eggs|salt|water|drippings|all-flour|milk
powder|oregano|flakes|cheese|butter|biscuits|salt
meatballs|sauce|spaghetti
wine|sugar|yolks
cornbread|eggs|sprigs|bacon|capers|wedge|rosemary
syrup|juice|sugar|water
flour|drippings|pepper|sausages|milk|eggs|salt
cheese|pasta|spinach|beef|sauce
tortillas|salsa|oil|onions|cream|steaks
butter|all-flour|sugar|extract
oil|eggs|pecans|mix|frosting|water
root|cream|coconut|sugar|water|starch|salt
tumeric|coriander|salt|paprika|cumin|ginger|pepper
prunes|slices
sauce|rosemary|oil|ketchup|trout|juice
chicken|onion|oil|cilantro|milk|seasoning|garlic
tomatoes|juice|garlic|fresh|chilies|onions|salt
cream|butter|milk|pistachios|syrup
sprigs|pepperoni|tortellini|dressing|salami|olives|olives
sauce|salt|water|eggs|rice|pepper|nori
chee|pepper|meat|water|salt|powder
all-flour|shrimp|buttermilk|pepper|salt|oil|pepper
chili|tomatoes|onions|juice|coriander
spray|tortillas|verde|breasts|onions|blend|non-cream
avocado|salt|cilantro|tequila|sec|juice|ice
spray|all-flour|oil|substitute|1low-milk
wedges|lime|juice|sec|salt|tequila
sultana|ghee|dough|cream|almonds|sugar|coconut
salt|sugar|cucumber|vinegar|daikon
cheese|tamales|tomatoes|chili
salt|belly|five-powder|garlic
cheese|guacamole|tomatoes|beans|tortillas
pepper|leaves|extra-oil|zucchini|salt
salt|masa|oil
capers|meat|juice|mayonaise
salt|pepper|onion|low-yogurt|cucumber
water|mushrooms
cheese|potatoes|spears|onion|extra-oil|onions
jack|fresh|sauce|tortillas|chile|cream
pepper|pepper|chile|juice|onions|salt
fillet|pepper|onions|vegetables|salt|cream
sprinkles|sugar|shortening|all-flour|coloring|powder|champagne
yogurt|honey|sugar|butter
chile|seasoning|onions|sausages|tomatoes|cheese|chips
sauce|garlic|peppers|sugar|juice|water
coconut|chicken|paste|carrots|rice
potatoes|potatoes|butter|pepper|salt|flour
sauce|cloves|wine|snapper|oil|ginger|fresh
sauce|ramps|oil|wine|sugar|pork
breasts|sprigs|sauce|orange|sauce
peppers|onions|tomatoes|salt|cilantro|lime|salsa
salt|onion|sugar|ginger|parts
oil|salt|sugar|cheese|yeast|water|flour
sugar|cassava|milk
oil|juice|sauce|water|flour|eggs
oil|onion|potatoes|chives|eggs|salt
soda|sauce|breasts
yogurt|cayenne|garlic|cilantro|juice
dough|sauce|sausage|cheese
mayonaise|tomatoes|leaves|pesto|biscuits|slices
pasta|salt|2reduced-milk|mustard|all-flour|cheese
oil|onions|fillets|salt|garlic|pepper|milk
water|juice|tequila|cucumber|sugar|juice
yolks|sugar|extract|sugar|cream|chocolate
salt|garlic|guacamole|peppers|onions|tomatillos
milk|ghee|sugar|raisins|ravva|coconut|cardamom
verde|chicken|tortillas|cheese
clove|cider|cinnamon|sugar|apples|lemon
salt|garlic|blossoms|oil
açai|pudding
mustard|cheese|sheets|parsley
pepper|drippings|all-flour|salt|milk
sausage|spread|caps|chives|cheese|oil
butter|sugar|cream|yolks|beans|cheese
pineapple|orange|rum|fruit|juice|guava|ice
fresh|reduced-cream|paste|juice
butter|all-flour|powder|oil|water|salt
cachaca|lime|sugar
oil|coriander|seed|potatoes|tumeric|salt
squash|chicken|oil|onion|flakes|salt|milk
water|sugar|salt|yogurt|mango|mint
stems|chile|cloves|extra-oil|onion
pepper|substitute|rice|sauce
husks|potato|seasoning|links|shrimp|water
cheese|vinegar|thyme|honey
dal|barley|salt
garlic|oil|vinegar|honey|tomatoes
cloves|butter
breast|cheese|bread|sauerkraut|dressing
watermelon|sugar|water|juice|tequila
salt|zest|rice|seeds|water|sticks
eggs|almonds|cinnamon|salt|sugar|zest|spray
cheese|tortillas|salsa
tomatillos|onion|garlic|cilantro|chilies
honey|sugar|slices|water|juice|ginger
mix|breasts|soup|cheese
water|grits|eggs|sauce|salt|cheese|margarine
onions|cilantro|avocado|rice|tomatoes|beans|juice
sauce|chiliesundrain|oil|broth|flakes|pepper|steak
yolks|juice|cream|pepper|vinegar|salt|butter
macaroni|hellmannmayonnais|pepper|peppersliced|onions
horseradish|juice|salt|mustard|mayonaise
rice|masala|almonds|peas
flour|water|daal|methi|salt
milk|milk|eggs|vanilla
pepper|extra-oil|lemon|halves|garlic|salt|paprika
turkey|seasoning|oil|Sauce|seasoning|seasoning
tortillas|apples|meat|cheese|salsa
tomatillos|cilantro|onion|chilies|juice|salt
sauce|beef|sauce|cheese|polenta|cheese
vanilla|sticks|long-rice|water|sugar
butter|long-rice|seasoning|pepper
pesto|onion|beans|spray|tomatoes|broth|pepper
salt|fresco|lime|corn|pepper|oil
cloves|chicken|oil|broth|potatoes|oregano|juice
pineapple|chilies|juice|beans|onion|salt|fresh
all-flour|butter|yolks|sugar|extract
ham|biscuits|honey
tomatoes|fresh|oil|vinegar|onion|chile
bean|salt|garlic|oil|juice
mirin|shrimp|sauce|oil|ginger|pepper|starch
eggs|sorrel|water|paprika|cream
powder|butter|sprinkles|extract|milk|vermicelli
cheese|onions|chile|breasts|tortillas|soup|cream
pepper|salt|cinnamon|powder|allspice|sugar|thyme
beaujolais|cassis
sugar|milk|milk|water|eggs|extract
cabbage|cream|eggs|butter|sugar|salt|flour
powder|sugar|bean|water|agar
powder|fresh|kumquats|sugar|vinegar|ginger|cranberries
lychees|ginger|juice
tomatoes|basil|bread|oil
salt|peppers|cilantro|lime|avocado|garlic
shavings|cream|cocoa|cream|milk
water|chocolate|pudding|mix|milk|cream
cilantro|tomatoes|beans|salt|garlic|bacon|onions
alouette|salt|pasta|parsley|pepper|ham|cheese
sugar|mascarpone|yogurt|leaves|honey|Chianti|cherries
juice|water|blueberries|sugar|yogurt|butter|blackberries
chilies|cheese|cheese|bacon|breasts|pepper|salt
eggs|onion|chorizo|jack|chile|salsa|potatoes
oil|tomatoes|juice|rosemary|garlic|leaves
root|sugar|breasts|sake|leeks|sauce|garlic
soda|oil|chilies|greens|pepper|powder|shanks
mascarpone|salt|cheese|polenta
chocolate|water
yolks|sugar|lemon|milk|water|milk
yogurt|cloves|mustard|mayonnaise|pepper|onions|parsley
beans|corndrain|tomatoes|broth|chicken
rice|powder|water
butter|all-flour|sausages|milk|pepper|salt|flakes
basil|sauce|cream
threads|cream|pepper|pepper|cloves|oil|salt
sugar|whiskey|steaks
milk|shells|cheese|salt|eggs
fillets|coriander|milk|beans|paste|oil|onions
butter|paste|peppers|salt|lemon|yoghurt|oil
onions|thigh|sauce|cheese|chilies|tortillas|onions
soda|salt|milk|spray|crisco|jack|butter
butter|fat|buttermilk|flour
broth|salt|pepper|eggs|juice|orzo
tomatoes|onions|bone-chops|pepper|broth|long-rice
onion|squid|tomatoes|lemon|pepper|sauce|chili
butter|vermouth|ramps|rice|sausages|cheese|broth
zest|orzo|crumbles|tomatoes|dill|extra-oil
cubes|whiskey|Sauce|juice|pepper|pepper|syrup
flakes|dill|extra-oil|bucatini|fresh|fillets|onion
butter|half|potatoes|cheese|parsley
pepper|oil|salt|flour|starch|eggs|okra
buttermilk|flour|shortening|butter
shortening|extract|butter|sugar|water|syrup|whites
cheese|beans|salt|water|lard|onion
water|water|curds
water|kielbasa
whites|peaches|sugar|water|juice
seasoning|salt|halves|rosemary|onions|oil
cheese|ham|leeks|sauce|spray
cream|butter|all-flour|powder|sugar|salt
butter|sugar|semi-morsels|pecans|crackers|morsels
whites|sugar|hazelnuts
salt|yolks|milk|sugar
wine|pepper|linguine|cheese|extra-oil|salt|zest
powder|belly|salt|pepper|vinegar
water|flour|oil|paste|eggs|syrup
extra-oil|provence|cheese|pastis|chèvre
flowers|sugar|sauce|garlic|shrimp
sugar|ice|cubes|milk|brandy|nutmeg|extract
pesto|ricotta
butter|crackers|Yoplait2yogurt|slices
dill|cucumber|cloves|pepper|yogurt|salt|juice
shallots|chili|oysters|vinegar
sugar|extract|seeds
broth|tenderloin|oil|cloves|sun-tomatoes|rosemary|wine
syrup|cinnamon|apples
cornmeal|water|salt
water|yeast|sugar|oil|vinegar|salt|flour
konbu|flakes
salt|cayenne|vinegar|mint|raisins
rosemary|salt|salt|pasta|extra-oil|cheese|juice
salt|fennel|cheese|potatoes|pepper|extra-oil
water|juice|sugar|water|zest
coconut|cherries|pineapple|bananas|oranges
garlic|prosciutto|oil|shrimp
butter|milk|onion|potatoes|cabbage|pepper|salt
cheese|butter|salt|bread|garlic|flakes|herbs
tortillas|hellmannmayonnais|salsa|oil|halves|pepperslice|onion
sugar|juice|pineapple|chile|pepper|fresh|salt
pepper|kale|salt|oil|cloves|water|pepper
sauce|chicken|tortillas|cheese
cheese|sauce|pesto|polenta|pinenuts
paste|powder|basil|oregano|sauce|cloves|sugar
sugar|butter|strawberries|hazelnuts|flour|yolks
sauce|tuna|onions|seeds|juice|oil
ham|mayonaise|salt|broth|potatoes|pepper|cabbage
dumplings|wine|broth|choy|scallions
shortening|all-flour|salt
pepper|salt|cheese|flour|eggs|ricotta|butter
cloves|flakes|extra-oil|chicory
blend|cilantro|beans|sauce|breasts|corn|cream
yolks|sugar|cream|milk|beans|starch
substitute|vanilla|soymilk|soursop|water
pepper|garlic|pepperslice|butter|trout|salt
oil|tomatoes|salt|garlic|pepper|leaves
onions|somen|mentsuyu|water|nori
chips|tomatoes|mix|jack|water|cream|beef
oil|peppercorns|shrimp|starch|cloves|salt
water|juice|sprigs|cookies|sugar|juice
mayonaise|squid|peperoncini|flour|oil
salt|oil|tapenade|tomatoes|leaves|breasts
dressing|peppers|bread|cheese|leaves
dough|water|harina
extra-oil|sprigs|cloves|wine|chicken
brandy|tequila|mix|lime|liqueur|cointreau|syrup
cheese|tortillas|butter|onion|chiles
dogfish|sherry|onions|oil|almonds|garlic|saffron
paste|olives|lemon
rice|oil|onion|sauce|carrots|eggs|onions
sauce|onions|sauce|juice|sugar|pepper|mirin
eggs|flour|milk|sugar|butter|salt
juice|mayonaise|salt|potato|kernels|pepper|adobo
peppers|sauce|garlic|juice|sugar|vinegar
sugar|extract|milk|all-flour|eggs|syrup|LakesButter
sauce|garlic|vinegar|root|chicken|peppercorns|leaves
water|salt|eggs|yolks|all-flour|leaves|flour
sauce|onions|cloves|cheese|meat|chilies|tortillas
powder|pepper|sauce|ribs|water|salt
milk|juice|oil|halves|broth|onions|paste
margarine|wrappers|sugar
sugar|juice|onion|seed|juice
basil|vinaigrette|buttermilk|tomatoes|okra|onion
paprika|chicken|wedge|all-flour|oil|pepper|salt
mango|wedges|buttermilk|sugar
onions|beans|thyme|butter
broth|salt|cheese|oil|milk|polenta
mirin|sugar|thighs|sauce
sugar|comfort|juice|cubes|curaçao|juice
verde|fresh|avocado|tomatoes
sauce|sugar|pepper|salt|vinegar|ribs|oil
strawberries|lime|cachaca|leaves|kumquats
butter|broth|potatoes
salt|paprika|tomatoes|pepper|cornmeal|eggs|oil
sausage|thyme|parsley|mix|oil|all-flour
pepper|extra-oil|wine|clams|cloves|water|fresh
chiles|cloves|vinegar|salt
milk|fresh|juice|lime|shrimp|paste
broccoli|milk|chickpeas|paste|garlic|starch
tomatoes|bread|mayonaise|sausage|lettuce|water
parmesan|lasagne|all-flour|butter|milk|leaves
meal|flour|milk|oil|spear|dressing|salt
sauce|sauce|ketchup|sugar|sauce
oil|salt|beans|seeds|pepper|garlic
extract|potatoes|butter|sugar|1low-milk
pepper|cornmeal|slices|thighs|salt|paprika
beef|cream|cheese|sauce|paccheri
eggs|cheese|salt|ale|butter|all-flour
pepper|vinegar|mustard|shallots|oil|salt
applesauce|butter|self-cornmeal|eggs|cream|corndrain|sugar
sugar|salt|butter|cornmeal|powder|all-flour|buttermilk
peppers|tomatoes|salt|onion|lime|leaves
cheese|salsa|breasts|cream|chilies|sauce|tortillas
oil|cornmeal|basil|crust|chicken|sauce|cheese
sauce|eggs
adobo|tomatillos|fresh|salt|onions|cloves
oil|onions|chicken|rice|carrots
oil|beans|juice|salt|dill|garlic
tomatoes|bread|beans|butter|jack|chutney
garlic|chuck|paste|onions|peppers|tomatoes|cumin
sauce|honey|sauce|drumsticks
onion|potatoes|salt|extra-oil|eggs|parsley
gelatin|buttermilk|topping|pineapple
mayonaise|parsley|chives|onion|cornichons
milk|low-buttermilk|salt
sugar|pepper|butter|powder|cumin|almonds|salt
butter|butter|salt|soda|all-flour|buttermilk
champagne|cassis
milk|salt|sugar|butter|corn|pepper|bacon
seasoning|chilies|cheese|bacon
sugar|buttermilk|crisco|soda|butter
fresh|salt|yogurt|cumin|scallions
onion|fresh|chips|tomatoes|salt|chile|juice
sauce|onions|breasts|ravioli|pepper
cardamom|water|milk|beans
cloves|chickpeas|extra-oil|paprika|seed|salt|pepper
mexicorn|pepper|cream|potatoes|oil|cheese
sauce|stock|butter|stock|port|venison
milk|powder|cinnamon|salt|chocolate|sugar|sticks
oil|salt|wine|leaves|cutlets|prosciutto|cloves
pepper|paprika|cumin|powder|starch|salt
uncook|sauce|oil|paste|blend|milk|onions
whites|tangelos|juice|sugar|turbinado|eggs
sugar|butter|salt|oats
salt|potatoes|cloves|extra-oil|scallions
grapes|butter|bread|seasoning|cheese
pepper|cheese|salt|round|macaroni|sauce
extract|milk|sugar|eggs|all-flour|powder
fruit|sugar|cachaca|wedges|kiwi|strawberries
sauce|turkey|eggs|onions|pepper|rice|cilantro
onions|cheese|sausage|salsa|cheese|cream|wrappers
stock|paprika|powder|thyme|oregano|rice
pancetta|polenta|pepper|oil|leaves|salt
sugar|flour|yeast|water|sponge|salt
powder|juice|salt|water|mango
chili|salsa|pepper|cheese|sauce|pepper
capers|pepper|leaves|leaves|olives|extra-oil
milk|salt|flour|powder|potatoes|butter|potatoes
peanuts|salt|shells|water
eggs|paprika|oil|pepper|cloves|bread|salt
pineapple|chilies|eggs|milk|bread
kernels|salt|oil|cornmeal|eggs|all-flour|buttermilk
sauce|dashi|somen|sugar|shoyu|mirin
sugar|butter|water|coconut|eggs|yolks
part-cheese|paste|spray|pasta|beef|sauce
chives|salt|low-cream|powder
cloves|oil|juice|cheese|tagliatelle|basil|bean
onion|eggs|pepper|tortillas|cheese|bacon
garlic|half|filets|butter
tofu|salt|water|miso|carrots
chicken|marinade|wedge|butter
salt|onions|cloves|nopales|oil
sugar|flour|eggs|powder|water|sugar|extract
milk|old-oats|sugar|Nutella
cheese|salt|oil|tortillas|chilies
paste|powder|oil|oregano|sauce|garlic|onion
lemonade|juice|concentrate|sugar|ale|water
rum|lime|ice|juice|juice|blueberries
low-buttermilk|cheese|milk
cream|potatoes|onions|butter
crusts|margarine|syrup|eggs|extract|oats|sugar
pimentos|shrimp|cheese|scallions|milk|quick|butter
extra-oil|vinegar|mozzarella|leaves|tomatoes
truffles|oil|juice|salt|pepper|florets
pepper|onions|bread|extra-oil|eggs|salt|butter
syrup|chilies|cachaca|juice|cucumber|salt
milk|sugar|cubes|mango|sweetener
butter|sugar|all-flour|topping|cream|eggs
sugar|cloves|chives|seeds|sauce|beansprouts|oil
extra-oil|bread
basil|mozzarella|crusts|pesto|pepper|tomatoes|spray
sausage|beans|chilies|salt|tomatoes|powder
tomatoes|cloves|snapper|leaves|water|wine|oil
whip|coffee|sugar|whiskey
butter|potatoes|onions|milk|salt
cream|oil|garlic|cheese|pinenuts|pepper
oil|salt|leaves|beans|vinegar
cheese|wedges|tortillas|beans|cream|gallo|chilies
vinegar|beans|slices|pepper|onions|sugar|salt
mussels|garlic|cheese|flakes|breadcrumbs|butter
milk|eggs|flour|salt|butter
sun-tomatoes|pepper|salt|butter|garlic|parsley
whites|sugar|almonds|hazelnuts
tomatoes|pepper|salt
pepper|seeds|cheese|all-flour|butter
lemon|naan|lamb|pepper|salad|paste
stone-cornmeal|salt|half|eggs|polenta|water|butter
extra-oil|beans|cloves|salt|seeds|juice
sauce|salt|tortillas|avocado|onions|leaves
seeds|flour|oil|eggs|candy
beans|turkey|blend|Pasomix|PillsburyRolls
paste|salt|vinegar|oil|chili|pepper
flour|pinipig|nuts|sugar|butter|milk|OREOCookies
catfish|oil|substitute|pepper|crumbs
butter|sugar|pecans|extract|milk
milk|milk|sugar|cream|extract|peaches|milk
water|juice|agar|extract|sugar|milk
watermelon|ice|water|ginger|sugar|juice
beans|tortillas|blend|sauce|cream
mayonaise|cheese|powder|pimentos|cheese
butter|stock|ham|black-peas|onions|salt
mushrooms|powder|onions|tomatoes|parts|Broth|spaghetti
water|sugar|tea|milk|coconut
parts|broth|ginger|salt|wine
beans|breasts|rice|gallo|cilantro|cheese|cream
pepper|cream|potatoes|butter|onions|salt
cloves|tomatillos|pepper|salt
basil|vinegar|eggplant|tomatoes|bread|oil|cheese
vodka|menthe|liqueur|cubes|mint|whiskey|rind
stock|salsa|powder|breasts|paprika
buns|butt|salt|sauce|oil|coleslaw|pepper
onion|basil|tomatoes|slices|dressing|oregano
flakes|cinnamon|cream
bread|tomatoes
papaya|pepper|cloves|vinegar|onions|juice
rice|filet|seasoning|mirin|tea|sauce|flakes
cream|water|pastry|rum|sugar|apricots
milk|butter|pepper|salt|potatoes
sauce|water|beans|sugar|bacon|onion
milk|all-flour|butter
honey|berries|bananas|coconut|granola|açai
beans|cheese|cheese|salsa|cream|seasoning
yeast|flour|margarine|whites|water|sugar
currant|zest|sauce|dough
sugar|curds|pistachios|milk|cheese
oil|shrimp|pepper|salt|vinegar|cloves|seeds
spinach|tomatoes|ditalini|water|round|mix
butter-blend|1low-milk|cheese|cloves|potatoes|pepper|salt
flour|nuts|cardamom|milk|sugar|ghee
bread|butter|parsley|garlic
meal|cheese|halves|broth|butter|rosemary|walnuts
sugar|all-flour|butter|eggs|powder|butter|salt
sugar|salt|black-peas|pepper|ham|oil
salt|milk|sausages|flour|eggs|margarine
paste|shrimp|oil|basil|powder
butter|beans|hocks|salt|water
honey|baguette|cheese
halves|all-flour|butter|pepper|cheese|salt
cheese|pinenuts|salt|nutmeg|garlic|oil|leaves
sugar|slices|whiskey|clove|water
pepper|lamb|wedge|potatoes|oregano|powder|salt
pepper|potato|salt|mayonaise|eggs|mustard
oil|sauce|cheese|eggplant|cheese|crumbs
prosciutto|nuts|cheese|pepper|baguette|butter
chiles
pears|dough|fraîche|butter|sugar|oil
basil|crust|part-cheese|sauce|spinach|chicken
cream|chocolate|chocolate|sugar|marnier
sprigs|slices|extra-oil|salt|spray|cloves
beans|cream|seasoning|cheese
water|salt|flour
onion|beef|potatoes|pepper|butter|vegetables|salt
water|bags|water|sugar
pepper|onions|salt|eggs|parsley|potatoes|sausage
sauce|tomatoes|ravioli
dough|capers|cheese|salmon|onion|dill|juice
chicken|parsley|part-cheese|parmesan|extra-oil|penne|sauce
potatoes|walnuts|sugar|salt|spray|syrup|butter
starch|powder|water|roast|juice
whites|bar|sugar|extract|butter|jam
oil|butter|steaks|chives|marinade|powder
nuts|powder|garlic|pinenuts|extra-oil|basil|cheese
raisins|pinenuts|onion|oil|pepper|spinach|salt
oil|prunes|bacon
sauce|noodles|mirin|dashi|seeds|sugar|onions
mango|salsa
water|sugar|peaches|beans|raspberries|juice
butter|all-flour|powder|sugar|salt|buttermilk
beef|cheese|fat|thyme|salt|pepper
avocado|onion|chilies|salt
oil|salt|lemon|avocado|onion
whites|milk|cheese|sugar|yolks|butter|starch
sugar|strawberries|wine
milk|margarine|spray|chives|all-flour|eggs|five-powder
breast|sun-oil|butter|chives|thick-bacon|cheese|pasta
raisins|nuts|cardamom|rice|jaggery|dal|ghee
salt|mascarpone|cream|chives|gorgonzola|garnish|pepper
eggs|milk|milk|sugar
salt|pepper|oil|pecans|mix|okra
cilantro|rice|oil|lime|water|salt
vinegar|radicchio|salt|endive|extra-oil|pepper|carrots
dill|relish|fillets|low-mayonnaise|capers|crumbs|butter
crust|fresh|breasts|cheese|sauce
juice|preserves|apples
chicken|clove|juice|oil|cumin|avocado|cilantro
cucumber|caviar|crackers|tips
wine|halves|leeks|tarragon|mushrooms|cream|butter
cheese|croutons|wrappers|sauce|breasts|cheese|seasoning
salsa|tortillas|halves|onions|oil|jack
salami|vinaigrette|cheese|olives|tomatoes|juice|hearts
garlic|onions|tomatoes|lime|fresh|chile|salt
part-cheese|capers|pepper|mushrooms|crust|breasts
Paso'salsa|blend|Pasomix|beef|PillsburyRolls
mayonaise|crumbles|pesto|sauce|leaves|bread|peppers
sauce|milk|margarine|eggs|all-flour|cheese
beans|tequila|half|prunes|yolks|sugar|cream
nutmeg|cardamom|clove|pepper|tumeric|ginger|cinnamon
salt|butt|sugar|pepper|sorghum|vinegar|coffee
salsa|cheese|tortillas|tomatoes|spray
slices|juice|comfort|juice
milk|harina|butter|all-flour|salt|eggs|spray
spray|sugar|eggs|milk|all-flour
eggs|milk|water|milk|sugar|vanilla|milk
daikon|salt|sugar|vinegar|water
lime|spinach|ice|avocado|milk|stevia
cheese|halves|cheese|hellmannmayonnais|sauc|crumbs
water|sauce|powder|tumeric|beef|cheese|cumin
pickles|chips|potatoes|kernels|pepper|cheese|sauce
salt|chilies|cloves|avocado|chips|onion|juice
stock|carrots|miso|peas|udon|mushrooms|onions
tomatoes|oil|salt|pepper|garlic|florets
salsa|breasts|lime|seasoning|beer
extra-oil|cabbage|onion|vinegar|salt
hazelnuts|croissants
half|salt|milk|sugar|leaves|yolks
leaves|parmesan|cloves|oil
leaves|cucumber|salt|garlic|pepper|fat
sugar|salt|peanuts|spinach|shoots
soda|margarine|dates|water|flour|sugar|extract
sugar|eggs|extract|self-flour|hazelnuts
sausage|sauce|oil
jam|blueberries|juice|cream
greens|salsa|halibut|oil|pepper|salt
chile|oil|wrappers|jack
sugar|zest|bread|butter|eggs|raisins|milk
groundnut|salt|eggs|rice|sauce|onions|onions
oil|onions|coriander|egg|flour|seed
onion|orange|parsley|oil|salt
pork|pepper|salt|rice|oil|garlic
zest|olives|walnuts|cheese|oil|juice
parmesan|artichokes|leaves|yolks|cheese|almonds|cream
avocado|sugar|milk|cream|ice|juice
flour|paste|candy|seeds|oil
salt|breadcrumbs|eggs|oil|all-flour|pepper|chops
sec|zest|mezcal|ice|bitters
tortillas|cheese|dressing|tomatoes|spray|salsa|slices
crusts|mayonaise|cheese|tomatoes|basil|cheese
thigh|vinegar|extra-oil|oregano|salt|sausage|garlic
chilies|onion|sprigs|juice|tomatoes|cloves|salt
pepper|cheese|cheese|sun-tomatoes|rigatoni|salt
oil|onion|octopuses|leaves|pepper|tomatoes|salt
corn|tomatoes|onion|beans|bouillon|juice|hellmannmayonnais
oil|zest|sugar|all-flour|salt|water|sauce
cinnamon|vanilla|sugar|sticks|almonds|chocolate|milk
nuts|sugar|sugar|salt|extract|butter|all-flour
cinnamon|margarine|water|sugar|sugar|filling|tortillas
chili|juice|onions|cilantro|avocado|salt
eggs|salt|lemon|broth|pepper|rice
milk|sugar|ghee|cardamom|coconut|nuts
milk|cinnamon|chocolate|sugar|vanilla|kahlúa|sticks
sugar|salt|tenderloin|powder|powder|powder
cheese|crumbs|breasts|eggs|seasoning
butter|sugar|extract|milk|sugar|syrup
halves|bow-pasta|tomatoes|dressing
shortening|self-cornmeal|oil|buttermilk|eggs
extra-oil|mint|pepper|cloves|chickpeas|salt|juice
biscuits|pepperoni|sauce|powder|seasoning|cheese
noodles|prawns|coriander|sauce|beansprouts|leaves|paper
wine|grapes|sugar|juice
shells|cheese|cheese|bits|chilies|sauce
peanuts|salt|sugar|soda|extract
eggs|shell|syrup|sugar|pecans|margarine
sauce|cloves|peppers|vinegar|sugar|juice
cheese|sauce|gnocchi|sausag
peppers|onions|granules|oil|mexican|kernels|cheese
pepper|tomatoes|olives|onions|juice|cumin
onions|cheese|chilies|garlic|wrappers|oil|cheese
tofu|flakes|paste|water|seeds|sardines|onions
clams|garlic|spinach|rice
lettuce|olives|cheese|tomatoes|cheese|slices|dressing
flour|all-flour|salt|eggs
eggs|salt|oil|milk|all-flour
mayonaise|mustard|onions
cheese|pepperoni|pasta|leaves|pasta
milk|all-flour|eggs
yolks|sugar|strawberries|all-flour|butter
pepper|bacon|pepper|oil|crumbles|seasoning|pimentos
leaves|crumbles|shallots|pears|soda|dressing|nuts
milk|water|juice
extra-oil|prosciutto|leaves|baguette|pepper|salt
jam|juice|wings|greens|paste
salt|tequila|sec|ice|juice|juice|wedges
garlic|oil|halves|rosemary|olives|wine|tomatoes
tortillas|cheese|onions|beans|sausage|pepper|cream
pineapple|pepper|salt|avocado|cilantro|lime|onions
coconut|sugar|water|ginger
shell|strawberries|sprigs|cream|sauce
pepper|cucumber|salt|yogurt|leaves|crumbles
chile|garlic|sauce|lime
spices|beef|salsa|doritos|cheese|corn|soup
pepper|cloves|pinenuts|salt|extra-oil|cheese|leaves
garlic|spaghetti|pepper|mushrooms|salt|butter|onions
potatoes|cilantro|water|salt|oil
cheese|rabe|orecchiette|cheese|oil|cloves
oil|cloves|basil|chicken|cheese|pinenuts|tortellini
cheese
tomatoes|parsley|oil|olives|capers|tomatoes
steak|onions|pepperslice|oil|powder|tortillas|KnorrSidesRice
eggs|water|salt|flour|butter
milk|devil'mix|syrup|butter|soda|sugar
oil|honey|honey|eggplant|dusting|milk|salt
onions|honey|noodles|sauce|oil|seasoning|vinegar
chives|all-flour|eggs|salt|fat|cheese|milk
sugar|ginger|tenderloin|scallions|sherry|sauce|sauce
piloncillo|sugar|water|guava|sticks|pumpkin
salsa|tortillas|tomatoes|oil|jack|eggs|fresh
powder|soda|bacon|salt|buttermilk|eggs|cornmeal
chocolate|cardamom|cinnamon|1low-milk|nutmeg|chocolate|squash
chilies|paste|milk|sugar|breasts|vegetables
low-yogurt|zest|sugar|cookies|sec|extract|blueberries
tumeric|salt|shallots|broth|oil|rice|cloves
meal|shallots|broth|marjoram|cheese|cream|water
eggs|flour|salt|sugar|extract
pepper|salt|seasoning|roast|powder|onions|bacon
water|salt|rennet|milk
water|long-rice
kalamata|leaves|extra-oil
cheese|tortillas
water|concentrate|tapioca
zucchini|onions|corn|cheese|buttermilk|oil|garlic
eggs|cream|extract|sugar|cheese|rice|pineapple
nopales|chilies|halves|tomatillos
pepper|cheesesoften|mayonaise|cheese|onion|pimentos|pepper
butter|butter|flour|buttermilk
salt|steak|salt
butter|salt|flakes|juice|fresh
powder|butter|flour|milk|salt|cream
salmon|nori|avocado|rice|capers|tomatoes|onion
tomatoes|bacon|cilantro|onions|water|beans|chilies
baguette|extra-oil|vinegar|beans|leaves|flakes
nutmeg|onions|oil|all-flour|low-milk|broth
pepper|salt|breast|powder|eggs|butter
butter|cheese|preserves|pecans|all-flour
sauce|cakes|garlic|ketchup|peanuts|syrup|paste
sugar|garlic|sauce|seeds|short|marinade
salt|asparagus|bechamel|parmesan|oven-noodles|cloves|herbs
vinegar|watermelon|sugar|salt|spices
sugar|milk|seeds|cream|yolks
salt|yeast|sugar|water|all-flour|oil
potatoes|pepper|extra-oil|broccoli|1low-milk|cheese|salt
sauce|chili|water|vinegar|sugar|garlic|juice
pepper|oil|salt|chicken|flour
shrimp|butter|oil|juice|garlic|salt|zest
leaves|parmigiano-cheese|garlic|baguette|Oil|parsley
eggs|salt|water|extract|milk|sugar
oil|flour|corn|eggs
garlic|pepper|parsley|oil|salt|cheese
salt|flakes|cabbage|oil|juice|fresh
peas|water|rice|oil|seeds|lentils
meat|cucumber|dressing|olives|crumbles|carrots
butter|kale|milk|onions|potatoes
tortillas|sauc|corndrain|powder|cheese|beef
onion|mango|chiles|leaves|salt|pepper|juice
salt|belly|garlic|juice|pepper
yolks|juice|sugar|bananas|turbinado|cream
chops|pepper|flour|eggs|oil|milk|salt
cheese|cheese|half|eggs|flour|sauce|chilies
semolina|dusting|water
sugar|corn|butter|flour|milk|eggs|powder
broth|cream|vinegar|butter|pepper|cabbage|potatoes
milk|beans|bread|eggs|cream|cheese
sugar|salt|pecan|tartar|extract|whites|semi-morsels
butter|sprinkles|milk|chocolate|salt
butter|molasses|halves|syrup|eggs|salt|sugar
water|salt|honey|yeast|all-flour|meal|spray
caramels|chocolate|butter|biscuit|bananas|cream
water|grits|oil|garlic|cheese|salt
coriander|pepper|turmeric|paprika|cumin|ginger|cardamom
oil|dressing|salt|pepper|halves
onion|beans|extra-oil|tomatoes|cloves|water|leaves
flakes|extract|milk|clove|butter
annatto|oil
avocado|cloves|shallots|tomatillos|coriander|juice
pepper|salt|oil|flour|chicken|buttermilk
sugar|flowers|yolks|beans|cream
salt|tomatoes|squash|oil
honey|mint|fillets|salt|spray|vinegar|oil
oil|onions|salt|pepper|beans|tomatoes|seasoning
butter|cream|chocolate
thighs|scallions|sauce|pepper|fen|sauce|oil
rice|sugar|cinnamon|vanilla
flour|honey|sugar|seeds|oil
sauce|carrots|wine|leaves|shrimp|sesame|ham
crumbs|bean|cheese|parsley|pepper|salt|butter
salt|corn|chilies|beans|salsa|breasts|pineapple
garlic|almonds|extra-oil|cheese|pepper|parsley
sugar|yolks|shells|milk|whites
powder|sugar|cornflour|eggs|lemon|milk|Cheese
cloves|marinade|shrimp|chile|oregano|extra-oil
cheese|spray|breasts|bread
extract|cream|sugar|juice|liqueur|raspberries|shells
water|sugar|sauce|chiles|juice|cloves
lime|ice|sugar|cachaca
tortillas|lime|salsa|fillets|cilantro|blend
water|liver|flour|bacon|salt|onions
rice|sugar|milk|salt|starch|mango
sheets|butter|walnuts|salt|eggs|camembert
spray|water|cornmeal|salt|yeast|flour
sausage|rice|pepper|BELLSalsa|seasoning|beans|parsley
eggs|loin|water|tomatoes|rice|sauce|onions
butter|cream|powder|low-buttermilk|all-flour|soda|salt
rosemary|chicken|paste|extra-oil|salt|vinegar
lemon|parsley|cloves
pepper|onions|garlic|sauce|halves|mushrooms
milk|salt|whites|sugar|flour|berries|oil
beans|fruit|syrup|cheese|yolks
buttermilk|soda|margarine|sugar|extract|potatoes|pecans
powder|eggs|all-flour|extract|shortening|sugar
mango|skins|butter|bananas
pepper|eggs|zucchini|powder|oil|cheese
scallions|noodles|beansprouts|sauce|oil|sauce
sauce|sausages|dough|cheese|oregano|cheese
flour|salt|nuts|cardamom|jaggery|dates|ghee
scallops|oregano|lemon|oil|cloves|leaves
sugar|cachaca|water|coconut
wine|starch|juice|cherries|sugar
sauce|beans|beef|tortillas|cheese
cheese|onion|pepper|halves|milk|tortillas|soup
vodka|mint|lemon|peaches|water|bags|syrup
mayonaise|juice|soup|powder|fat|breasts
potatoes|oil|cloves|bacon|cheese|parsley
corn|pepper|cornmeal|salt|eggs
noodles|sausages|spinach|cheese|cheese|sauce|cheese
cloves|water|sauce|flakes|sugar|juice
garlic|juice|paste|pepper|ribs|salt|beer
juice|water|sugar|rum
water|mint|strawberries|juice|sugar
soba|onions|seeds|sauce
garlic|fries|cheese|salt|seasoning
eggs|salt|milk|all-flour
salt|cheese|doughs|extra-oil|arugula|pepper
ginger|sugar|juice|cachaca|tangerine
epazote|oil|onion|potatoes|garlic|salt|chiles
salt|avocado
crumbs|sugar|butter
salt|buttermilk|flour|soda|all-flour
potatoes|onions|pepper|salt|eggs|cloves|oil
pepper|oregano|cheese|oil|juice
cheese|crust|pepper|pesto|tomatoes
sugar|salt|whites|tartar|chocolate
chorizo|peppers|part-cheese|cauliflower|onions
miso|carrots|beans|oil|bouillon|water|scallions
nutmeg|cream|onion|salt|spinach|hard|butter
bitters|beer|liqueur|juice|rum
chocolate|butter|bread|Nutella
flour|cornmeal|salt|water
pepper|garlic|onions|onions|potatoes|chayotes|stock
powder|salt|pepper|chutney|marmalade|oil
oil|garlic|chard|pepper|pinenuts|prosciutto
gluten|avocado|salsa|tortillas|beans
papaya|cream|sugar|juice
flour|salt|oil|milk|eggs|fresco
whites|sauce|scallions|all-flour|oil
ghee|milk|coconut|jaggery|cardamom
sugar|juice|oil|ketchup|starch|vinegar|salt
oil|pepper|butter|fillets|cream|mayonaise|salsa
salt|oil|sauce|vinegar|stevia|splenda|broccoli
onions|milk|butter|potatoes
starch|tofu|garlic|sauce
salt|pepper|lamb|garlic|pesto|cloves
mayonnaise|powder|cream|onions|juice
leaves|cheese|spaghetti|broth|juice|flakes
pepper|coconut|juice|salt|beans|fresh
coriander|ginger|lemongrass|sauce|juice|milk|lobster
sauce|pepper|pepper|oil|pasta|onions|sausages
orange|water|cinnamon|sugar
juice|sugar|slices|wine|orange|liqueur
oil|sauce|bean
cloves|salt|tenderloin|water
oil|salt|lemon|rosemary|garlic|pepper|chicken
melon|sugar|wine|sake|coloring|gari|juice
sugar|oil|lime|garlic|sauce|cilantro|chops
water|bags|water|sugar
blend|onions|beans|chips|olives|tomatoes|cheesesoften
substitute|saffron|cornflour|segments|low-milk|cardamom
salt|mayonaise|cheese|powder|pepper|breast
avocado|oil|cheese|chicken|tortillas|cream|cilantro
scallions|oil|leaves|salt|couscous|cuminseed
raspberries|strawberries|sugar|mascarpone
coffee|milk|milk
onion|juice|chilies|salt|tomatillos
rye|breast|slices|cheese|tomatoes|sauce
powder|sugar|all-flour|salt|chips|butter|juice
oil|onions|paprika|sauce|sugar|ketchup|vinegar
low-yogurt|juice|rhubarb|marnier|sugar
whites|all-flour|zest|butter|sugar|vanilla
wedge|cucumber|honey
spinach|cheese|noodles|ValleySaladMix|sauce|cheese|milk
eggs|konbu|leeks|shiitake|water|scallions
water|flour|yeast|sugar|salt
oil|artichokes|lemon
zucchini|sausage|paste|vegetables|sauce|juice
seeds|nori|salt|sugar
oz.sauce|cheese|half|eggs|flour|cheese|chilies
wine|cantaloupe|sugar|juice|gelatin
cheese|florets|milk|florets|all-flour|leaves|butter
breasts|dressing|dressing
thigh|milk|lime|lemongrass|potatoes|sauce|paste
yolks|butter|mustard|juice
sauce|lan|cloves|stock|oil|sugar|sauce
fillets|oil|bulb|baguette|onion
eggs|pork|onions|sauce|oil
avocado|nori|rice|eggs|tuna
sauce|spice|sauce|shoulder|Sriracha|sugar|coloring
pepper|sausages|all-flour|salt|milk|grease
vinegar|tomatoes|onions|chiles|sugar|jam
sauce|oil|eggplant|crumbs|eggs|cheese|all-flour
crumbs|pepper|cheese|garlic|parsley
milk|cream|chocolate
garlic|tomatoes|onions|passata|oil|oregano
salt|flour|meal|whites
salt|greens|rib|oil|cloves
ham|tomatoes|dressing|olives|cucumber|mozzarella
chocolate|butter|cinnamon|flour|low-buttermilk|sugar|spray
onions|milk|tortillas|cheese|dressing|potatoes
butter|VayTeriyakiSauce|cucumber|Sriracha|scallions|vinegar|spaghetti
water|rice
salt|sugar|peanuts
crust|chicken|cheese|salsa
beans|sugar|milk|cream|rice
corn|fresco|mexican|lime|cilantro|powder
cinnamon|butter|flour|flour|potatoes|water|salt
okra|salt|oil|cornmeal|all-flour
shells|chicken|sauce|cheese|broccoli
leaves|all-flour|water|eggs|salt
eggs|salt|cheese|pepper|ham|crust|cream
extract|sugar|pecans|syrup|water|halves|mix
eggs|all-flour|oil|salt|milk
carrots|peas|pepper|cabbage|rice
cayenne|ketchup|sugar|salt|vinegar
chocolate|rum|coffee|cream
lemon|bags|sugar|water
salt|butter|cheese|fettucine
leaves|loaf|cheese|tomatoes|pepper|oil
beans|jack|sauce|cumin|tortillas|chicken|cream
oil|seed|leaves|garlic|potatoes|water|salt
vinegar|onions|sauce|water|eggs|starch|bouillon
water|cinnamon|sugar|mix|oil
peas|rice|oil|salsa|onion|broth|garlic
mirin|paste|scallions|sauce|oil
milk|thyme|allspice|breasts|onions
flour|milk|eggs|butter|salt
oil|greens|salt|greens|wedge|water|cloves
bacon|potatoes|greens|onions|vinegar
cheese|tomatoes|seasoning|bread|cheese|mayonaise
powder|yogurt|salt|sugar|butter|cake
onion|extra-oil|eggs|spices|spray|pepper|chorizo
cloves|mayonaise|juice|mustard|paprika|pepper|parsley
pepper|salt|1low-milk|sausages|oil|all-flour|dough
paste|flour|water|sugar|ginger
salami|olives|mozzarella|tomatoes|focaccia|oil|leaves
oil|beef|pepper|enokitake|soi|salt
ditalini|rabe|vinegar|pesto|broth|beans|pepper
milk|sugar|extract|all-flour|butter
dough|oil|sausages|zucchini|peppersdrain|thyme|cheese
lime|salt|powder|yogurt|chilies|avocado|garlic
paste|dressing|chicken|paste|butter
fresh|extra-oil|cayenne|salt|water|cloves
crumbs|oil|cheese|rice|sauce|eggs|mozzarella
cornflour|browning|salt|ketchup|vinegar|oil|juice
rind|tequila|water|sugar|juice
wine|yolks|sugar
cloves|butter|bread|extra-oil|cheese|parsley
pepper|shrimp|oil|peppercorns|starch|salt|all-flour
soda|salt|butter|eggs|all-flour|sugar|buttermilk
salt|chile|shoots|watercress|oil|ginger
parmesan|fettucine|flour|milk|broccoli|butter
orange|merlot|juice|spices|soda|sugar|strawberries
milk|chocolate|starch
scallions|miso|dashi|tofu
sorbet|sugar|juice|cubes|low-yogurt|milk|mango
fennel|broth|cloves|seeds|tenderloin|oil
pepper|cloves|lemon|cheese|leaves|fresh|artichokes
oil|spinach|Spice|peppers|salt|cloves
water|ribs|salt
flour|salt|water|flour|yeast|rosemary|extra-oil
powder|halves|peaches|vinegar|nuts|masala|thighs
water|salt|harina
buttermilk|seeds|all-flour|soda|salt
yolks|sugar|salt|butter|extract|milk|all-flour
mix|wafers|topping|pudding|milk|cake
spaghetti|beans|salt
oil|cumin|cloves|peppers|juice|salt
chile|cumin|powder|onions|cheese|eggs|low-milk
sugar|extract|sugar|coffee|yolks|brandy|cream
salt|dressing|potato|pepper|kalamata|crumbles|oregano
lime|pepper|pepper|cilantro|tomatoes|onion|salt
sauce|tortillas|cheese|chicken
juice|sauce|garlic|ulek|juice|sugar
rosemary|tapenade|oil|mayonaise|cloves|vinegar
tomatoes|caponata|oil|cheese|bread|rosemary
flour|nuts|cardamom|milk|sugar|ghee
salt|potatoes|oil
cheese|parsley|pasta|mint|peas|cream
pepper|salt|lamb|oil
pecans|fresh|cheese|cheesesoften|cheese
chocolate|flaked|whiting|extra-oil
pecans|sugar|butter|sugar|cream
milk|mint|pistachios|milk|rice|sugar|cardamom
beans|sage|garlic|extra-oil|pepper|salt
cheese|parsley|oil|onion|tomatoes|dressing
baguette|butter|figs|gorgonzola|oil
pepper|paprika|pepper|oregano|salt
yeast|sugar|salt|water|flour|sauce|oil
flour|water|yeast|salt|oil
mushrooms|sausage|linguine|cheese|pepper|cream|broth
peel|wine|salt|sugar|apricots
shiitake
liqueur|whip|sugar|coffee|cinnamon
rice|seeds|sauce|oil|onions|eggs|kimchi
flour|lemon|milk|sugar|butter|suet
eggs|crumbs|cheese|oil|onions|risotto|salt
oil|mix|onions|tomatoes|chicken|Velveeta|pepper
beans|broth|onions|bacon|salt
water|oil|base|oil|garlic|sugar
potatoes|root|pepper|salt|lemon|butter|artichokes
mayonaise|onion|grape|leaves|celery|curry
shrimp|butter|salt|garlic|pepper|paprika
black-peas|okra|tomatoes|bacon|leaf|pepper|salt
flour|buttermilk|butter
sugar|ice|juice|liqueur|fruit|tequila|slices
yolks|cream|sugar|zest|sugar|verbena|salt
broth|garlic|juice|seasoning|rice|onion|oil
salt|milk|sausages|butter|seasoning|pepper|all-flour
sugar|butter|peanuts|salt|water|syrup|soda
butter|salt|all-flour|cheese|eggs|water
water|seaweed|paste|tofu|scallions|stock|salt
onions|mango|sugar|juice|salt|chilies|fresh
yeast|milk|flour|sugar|salt|butter
sugar|pork|water|greens|peppers|salt
juice|sugar|water
peel|thyme|pepper|lamb|salt|oil|cloves
stock|leeks|pepper|salt|potatoes|butter|cream
threads|juice|oil|salt|lemon
tomatoes|pepper|oil|vinegar|pepper|onions
all-flour|water|water
champagne|Beer
bacon|rub|pepper|juice|roast|salt|onions
sun-tomatoes|pesto|baguette|olives|chevre
pepper|salt|potatoes|milk|mayonaise|butter
salt|mint|dill|juice|cloves|yogurt|cucumber
stock|scallions|kernels|oil|salt|pepper|crabmeat
oil|chèvre|cheese|peppers|prosciutto|basil|doughs
water|parsley|lemon|oil|pancetta|artichokes
onions|soup|cilantro|blend|tomatoes|potatoes|chicken
buttermilk|flour|cheese|bacon|butter|paprika
cheese|cheese|pesto|cream|walnuts
corn|reduced-cream|spinach|spray|salsa|cheese|tortillas
broth|potatoes|seed|shallots|cheese|cream|root
milk|chicken|pasta|butter|soup|sauce|salt
parmesan|oregano|sauce|pepper|fillets
breasts|tortillas|sauce|cheese
butter|walnuts|sugar|eggs|sugar|all-flour|chocolate
salt|milk|eggs|fat|flour
salt|beef|garlic|extra-oil|flour|powder|broth
pepper|oil|salt|beans|chilies
pepper|garlic|cream|extra-oil|butter
beans|thighs|lowfat|cheese|salsa|corn
sauerkraut|cream|eggs|salt|cheese|water|all-flour
powder|juice|cumin|salt|pepper|powder
salt|extra-oil|water|cornmeal|yeast|flour
sugar|cream
cream|olives|sauce|chips|cheese|pepper|chicken
sugar|mushrooms|garlic|greens|sauce|starch|sherry
cheese|oil|eggs|powder|starch|milk|salt
tortillas|breasts|dip|spray|cheese|salsa
chilies|juice|salt|cilantro|pepper|avocado|onion
pork|bacon|beans|cloves|salt|onions
tomatoes|50beans|onion
noodles|spinach|cucumber|dressing|onion|lobster
buttermilk|powder|all-flour|soda|salt|butter|sugar
basil|juice|sauce|tomatoes|cloves|sugar|cumin
prosciutto|oil|asparagus
cheese|sheets|nectarines|eggs|ham|arugula
whites|honey|butter|flour|sugar|all-flour
extra-oil|cheese|salt|prosciutto|peppers
juice|vinegar|tomatoes|garlic|oil|pepper
yolks|preserves|butter|powder|sugar|all-flour
oil|tomatoes|salt|flakes|garlic|pepper|oregano
flakes|salt|oil|oregano|tomatoes|leaves|garlic
sugar|extract|syrup|buttermilk|butter
beans|sugar|extract|eggs|milk|water
wedges|oil|shrimp|powder|salt|sauce
chilies|onion|halves|tomatoes|salt|pepper|oil
salsa|cheese|jack|beef|sauce
salt|oil|nutmeg|low-buttermilk|in|chiles|flour
sugar|whites|pods|cream
tartar|salt|flour|yeast|soda|lard|buttermilk
honey|duck|vinegar|sauce|scallions|pancakes|water
sugar|half|eggs|yolks|juice|milk
water|peppercorns|milk|seeds|salt|juice
cheese|pasta|lemon|spinach|butter|mushrooms
pepper|cumin|steaks
yogurt|powder|rice|peas|prawns
eggs|salt|butter|extract|sugar|all-flour|extract
sugar|peaches|water|juice
chiles|water|salt|cloves|oregano|pepper
dressing|shrimp|chips|lettuce|cheese
juice|onions|salt|plantains|paste|juice|meat
potatoes|onion|pepper|salt|oil
cilantro|vinaigrette|extra-oil|jicama|mango|pepper|salt
eggs|drippings|salt|flour|milk
pepper|cumin|granules|tomatillos|chilies|clove|garlic
butter|spray|syrup|cream|sugar|pecans|extract
sugar|raspberries|cream
rice|scallions|oil|sauce|kimchi|eggs|garlic
eggs|salt|water|all-flour
tortillas|Sauce|cheese|breast|oil|cheese
oil|quinoa|adobo|sauce|cloves|tortillas|onions
quinoa|tomatoes|vinaigrette|cheese|cucumber|kalamata
eggs|sugar|salt|peel|flakes|butter|chocolate
garlic|oil|oil
lobster|rice|lime|butter|wedges|tortillas|salsa
whites|sugar|extract|chocolate|powder|tartar|salt
long-rice|powder|thighs|stock|onions|oil|peas
cheese|sauce|cheese|ziti|cheese|meatballs
oil|turkey|butter|pinenuts|ravioli|parmesan|cloves
liqueur|cinnamon|topping|powder|coffee|tequila
yeast|flour|water|salt|oil
juice|tomatoes|powder|onions|chilies|cilantro
salt|jalapenos|tortillas|cheese|oil|beans
water|onion|garlic|salt|tomatillos|pepper|fresh
thyme|pepper|leaves|powder|oregano|seasoning
pepper|salt|sourdough|oil|parmigiano-cheese|cloves
juice|mix|beef|sauce|corndrain|beans|onions
cinnamon|sugar|long-rice|cubes|water|milk
sauce|drumsticks|oil|sauce|pepper
water|salt|spray|meal|pepper|cheese
sugar|cream|halves|butter|whiskey|sugar|pecans
peanuts|salt|water
millet|gram|fenugreek|water|salt
avocado|cheese|beans|tortillas|spinach|sauce|salsa
tomatoes|herbs|cheese|olives|oil|cloves|breasts
cilantro|pepper|sauce|rice|oil|salt|juice
fillets|cheese
butter|mango|sugar|juice|allspice|ginger|bread
water|cream|beef|Pasomix|cheese|biscuits|salsa
yolks|curls|milk|sugar|cream|powder|chocolate
olives|basil|flakes|tomatoes|oil|capers|garlic
sprigs|sheets|oil|cheese|onion|salt
sauce|steaks|cloves|sugar|pepper
flour|yeast|sugar|flour|oil|water|salt
seeds|paste|flour|oil|water
vodka|lemon|water|sugar
salt|juice|melon|sugar
oil|water|garlic|plantains|salt
salt|oil|butter|powder|milk|sugar|all-flour
sugar|ice|cane|gingerroot|lime
salt|sauce|bacon|peas|pepper|onion|butter
avocado|salsa|sauce|powder|salt
wings|ginger|sauce|sugar|oil|vinegar|Sriracha
sauce|butter|potatoes|sauce|salt